שם נוכחי,שם מוצע,השתנה?,"אורך (ק""מ)",מעגלי?
2013-04-13_געתון_עין יעקב.gpx,2013-04-13_געתון_עין יעקב.gpx,False,4.8,True
2013-04-18_מגדל_טבריה_כפר חיטים.gpx,2013-04-18_טבריה_מגדל_כפר חיטים.gpx,True,15.3,True
2013-04-19_בר יוחאי_מירון_כפר חושן.gpx,2013-04-19_בר יוחאי_ברעם.gpx,True,3.0,True
2013-04-20_טבריה_פורייה עילית.gpx,2013-04-20_טבריה_פורייה עילית_פורייה - נווה עובד.gpx,True,14.8,True
2013-04-26_געתון_יחיעם_עין יעקב.gpx,2013-04-26_געתון_יחיעם.gpx,True,6.4,False
2013-04-27_שבי ציון_שמרת_גשר הזיו.gpx,2013-04-27_כברי_שמרת.gpx,True,22.4,False
2013-05-04_נהרייה_לימן_גשר הזיו.gpx,2013-05-04_נהרייה_כפר ראש הנקרה_סער.gpx,True,16.6,True
2013-05-11_געתון_עין יעקב.gpx,2013-05-11_יחיעם_נווה זיו_עין יעקב.gpx,True,12.7,True
2013-05-14_עין יעקב_מעונה_מעיליא.gpx,2013-05-14_יחיעם_מעונה_עין יעקב.gpx,True,13.9,True
2013-05-17_געתון_יחיעם_נהרייה.gpx,2013-05-17_יחיעם_נהרייה.gpx,True,17.9,False
2013-06-06_געתון_עין יעקב.gpx,2013-06-06_געתון_נווה זיו_יחיעם.gpx,True,9.2,False
2013-06-08_שבי ציון_געתון_כברי.gpx,2013-06-08_יחיעם_בוסתן הגליל_שמרת.gpx,True,35.8,False
2013-06-12_נהרייה_לימן_גשר הזיו.gpx,2013-06-12_נהרייה_כפר ראש הנקרה_סער.gpx,True,20.7,True
2013-06-14_געתון_נהרייה_נתיב השיירה.gpx,2013-06-14_יחיעם_נהרייה.gpx,True,20.7,False
2013-06-15_נהרייה_גשר הזיו_כפר ראש הנקרה.gpx,2013-06-15_שבי ציון_כפר ראש הנקרה_מזרעה.gpx,True,28.0,True
2013-06-19_שלומי_כברי_מצובה.gpx,2013-06-19_כברי_חניתה_מצובה.gpx,True,17.5,True
2013-06-21_געתון_נהרייה_כפר ראש הנקרה.gpx,2013-06-21_יחיעם_כפר ראש הנקרה.gpx,True,31.7,False
2013-06-25_עין יעקב_מעונה.gpx,2013-06-25_יחיעם_מעונה_עין יעקב.gpx,True,11.7,True
2013-06-26_געתון_עין יעקב.gpx,2013-06-26_יחיעם_נווה זיו_עין יעקב.gpx,True,9.5,True
2013-06-29_עין יעקב_מעיליא_הילה.gpx,2013-06-29_יחיעם_גשר הזיו.gpx,True,26.7,False
2013-07-08_עין יעקב_מעונה_געתון.gpx,2013-07-08_יחיעם_מעונה_געתון.gpx,True,21.1,True
2013-07-10_עין יעקב_מעונה_געתון.gpx,2013-07-10_יחיעם_מעונה_געתון.gpx,True,21.1,True
2013-07-12_געתון_שלומי_כפר ראש הנקרה.gpx,2013-07-12_יחיעם_כפר ראש הנקרה_נהרייה.gpx,True,36.7,False
2013-07-13_געתון_מעיליא_נווה זיו.gpx,2013-07-13_יחיעם_נווה זיו_מעיליא.gpx,True,12.8,False
2013-07-15_געתון_שבי ציון_גשר הזיו.gpx,2013-07-15_יחיעם_מנות_שבי ציון.gpx,True,42.9,False
2013-07-19_עין יעקב_מעונה_מנות.gpx,2013-07-19_יחיעם_כברי_געתון.gpx,True,30.4,True
2013-07-20_עין יעקב_מעונה_מנות.gpx,2013-07-20_יחיעם_כברי.gpx,True,25.0,False
2013-07-24_עין יעקב_יחיעם_מעונה.gpx,2013-07-24_יחיעם_מעונה_עין יעקב.gpx,True,9.1,True
2013-07-25_געתון_שלומי_כברי.gpx,2013-07-25_יחיעם_חניתה_נווה זיו.gpx,True,30.8,False
2013-07-27_געתון_כברי_מנות.gpx,2013-07-27_יחיעם_כברי.gpx,True,35.0,False
2013-07-30_מעונה_עין יעקב_געתון.gpx,2013-07-30_יחיעם_מעונה_עין יעקב.gpx,True,20.0,True
2013-08-01_מעונה_עין יעקב_געתון.gpx,2013-08-01_יחיעם_מעונה_געתון.gpx,True,24.3,True
2013-08-03_מעונה_עין יעקב_געתון.gpx,2013-08-03_געתון_כברי_יחיעם.gpx,True,34.6,False
2013-08-05_עין יעקב_מעונה.gpx,2013-08-05_יחיעם_מעונה_עין יעקב.gpx,True,12.3,True
2013-08-07_עין יעקב_געתון.gpx,2013-08-07_יחיעם_געתון_עין יעקב.gpx,True,10.6,True
2013-08-08_געתון_כברי.gpx,2013-08-08_יחיעם_כברי_געתון.gpx,True,16.1,False
2013-08-10_בארי_רעים.gpx,2013-08-10_בארי_רעים.gpx,False,22.1,True
2013-08-12_געתון_כברי_לימן.gpx,2013-08-12_כברי_כפר ראש הנקרה_יחיעם.gpx,True,33.0,False
2013-08-14_געתון_מעונה_עין יעקב.gpx,2013-08-14_געתון_מעונה_יחיעם.gpx,True,21.8,False
2013-08-16_געתון_שלומי_כפר ראש הנקרה.gpx,2013-08-16_יחיעם_מצובה_כפר ראש הנקרה_נהרייה_נווה זיו.gpx,True,46.9,False
2013-08-17_נתיב השיירה_כברי_געתון.gpx,2013-08-17_נווה זיו_נהרייה_יחיעם.gpx,True,38.4,False
2013-08-20_געתון_כברי_שייח' דנון.gpx,2013-08-20_געתון_כברי_נווה זיו.gpx,True,16.6,True
2013-08-23_געתון_יחיעם.gpx,2013-08-23_געתון_כברי_יחיעם.gpx,True,21.9,False
2013-08-24_מזרעה_שבי ציון_געתון.gpx,2013-08-24_געתון_שייח' דנון_שבי ציון_גשר הזיו_יחיעם.gpx,True,41.3,False
2013-08-26_עין יעקב_הילה_מעיליא.gpx,2013-08-26_הילה_עין יעקב_מעיליא.gpx,True,17.3,True
2013-08-29_עין יעקב_געתון.gpx,2013-08-29_יחיעם_מעונה_עין יעקב.gpx,True,10.5,True
2013-08-30_מעונה_עין יעקב_געתון.gpx,2013-08-30_יחיעם_כברי_עין יעקב.gpx,True,33.5,True
2013-09-03_מעונה_מעיליא_מעלות-תרשיחא.gpx,2013-09-03_מעונה_אבירים_מעיליא.gpx,True,8.7,True
2013-09-04_עין יעקב_געתון_יחיעם.gpx,2013-09-04_יחיעם_שייח' דנון_עין יעקב.gpx,True,21.9,True
2013-09-05_געתון_יחיעם_עין יעקב.gpx,2013-09-05_יחיעם_געתון.gpx,True,5.0,False
2013-09-07_געתון_מעונה_גשר הזיו.gpx,2013-09-07_יחיעם_געתון_שבי ציון_מזרעה.gpx,True,45.3,False
2013-09-10_בוסתן הגליל_שבי ציון_נהרייה.gpx,2013-09-10_נהרייה_עכו_מזרעה.gpx,True,27.9,True
2013-09-12_עין יעקב_מעיליא_מעונה.gpx,2013-09-12_יחיעם_מעיליא_געתון.gpx,True,16.2,True
2013-09-13_עין יעקב_מעיליא_מנות.gpx,2013-09-13_געתון_כברי_יחיעם.gpx,True,28.3,False
2013-09-14_עין המפרץ_געתון_מזרעה.gpx,2013-09-14_יחיעם_מזרעה_קריית ים_בוסתן הגליל_נווה זיו.gpx,True,62.1,False
2013-09-18_געתון_מעיליא_מנות.gpx,2013-09-18_יחיעם_אבירים_נהרייה.gpx,True,48.5,False
2013-09-19_עין יעקב_מעיליא_געתון.gpx,2013-09-19_יחיעם_מעיליא_געתון.gpx,True,15.5,True
2013-09-20_עבדון_יערה_אילון.gpx,2013-09-20_כברי_גורן_מצובה.gpx,True,28.9,True
2013-09-21_כברי_נהרייה_געתון.gpx,2013-09-21_געתון_כברי_כפר ראש הנקרה_מזרעה_יחיעם.gpx,True,53.9,True
2013-09-23_עין יעקב_מעונה_מעיליא.gpx,2013-09-23_געתון_מעונה_יחיעם.gpx,True,27.9,False
2013-09-25_געתון_עין יעקב_מעיליא.gpx,2013-09-25_יחיעם_מעיליא_געתון.gpx,True,24.8,True
2013-09-26_געתון_כפר ורדים_מנות.gpx,2013-09-26_עין יעקב_כברי_יחיעם.gpx,True,32.6,False
2013-09-27_טל-אל_אחיהוד_גילון.gpx,2013-09-27_גילון_טל-אל_פלך.gpx,True,17.0,True
2013-09-28_עין יעקב_מזרעה_שבי ציון.gpx,2013-09-28_געתון_נתיב השיירה_שבי ציון_נווה זיו_יחיעם.gpx,True,48.3,False
2013-10-01_געתון_עין יעקב.gpx,2013-10-01_יחיעם_נווה זיו_געתון.gpx,True,18.7,True
2013-10-02_געתון_עין יעקב_מעיליא.gpx,2013-10-02_געתון_מעיליא_יחיעם.gpx,True,21.3,False
2013-10-04_גדות_חד-נס_גונן.gpx,2013-10-04_חד-נס_גונן_כפר גלעדי.gpx,True,51.4,False
2013-10-06_מעונה_עין יעקב_געתון.gpx,2013-10-06_געתון_מעונה_יחיעם.gpx,True,22.0,False
2013-10-06_עין יעקב_געתון.gpx,2013-10-06_יחיעם_עין יעקב_געתון.gpx,True,9.4,True
2013-10-09_עין יעקב_געתון.gpx,2013-10-09_יחיעם_געתון.gpx,True,14.9,True
2013-10-11_כברי_נהרייה_שלומי.gpx,2013-10-11_יחיעם_כפר ראש הנקרה_נהרייה.gpx,True,32.4,False
2013-10-12_מזרעה_כפר ורדים_מנות.gpx,2013-10-12_געתון_הילה_כפר ראש הנקרה_מזרעה_שמרת.gpx,True,63.9,False
2015-07-06_געתון_עין יעקב_יחיעם.gpx,2015-07-06_געתון_יחיעם.gpx,True,14.0,False
2015-12-03_מנות_מעונה_הילה.gpx,2015-12-03_געתון_מעונה_יחיעם.gpx,True,27.9,False
2015-12-04_כפר ביאליק_קריית ביאליק_כפר חסידים ב'.gpx,2015-12-04_כפר מסריק_הרדוף_כפר יהושע_קריית אתא_עין המפרץ.gpx,True,75.0,False
2016_0909_GvaotTivonNachalKisson.gpx,2016-09-09_אלונים_שער העמקים_רמת ישי.gpx,True,31.2,True
2017_0620_Yarkon_TA_RG.gpx,2017-06-20_תל אביב -יפו_בני ברק.gpx,True,16.5,True
2019-04-12-01_TIMNA1.gpx,2019-04-12_אליפז.gpx,True,34.2,True
2021-07-26_געתון_יחיעם.gpx,2021-07-26_יחיעם_געתון.gpx,True,5.1,True
2021-07-29_געתון_יחיעם.gpx,2021-07-29_יחיעם_געתון.gpx,True,5.2,True
2021-08-01_געתון_יחיעם.gpx,2021-08-01_יחיעם_געתון.gpx,True,5.2,True
2021-08-03_געתון_יחיעם.gpx,2021-08-03_יחיעם_געתון.gpx,True,5.2,True
2021-08-04_געתון_יחיעם.gpx,2021-08-04_יחיעם_געתון.gpx,True,5.5,True
2021-08-06_געתון_יחיעם.gpx,2021-08-06_יחיעם_געתון.gpx,True,6.3,True
2021-09-05_געתון_יחיעם.gpx,2021-09-05_יחיעם_כליל_געתון.gpx,True,10.6,True
2021-09-07_געתון_יחיעם.gpx,2021-09-07_יחיעם_געתון.gpx,True,7.7,True
2021-09-08_געתון_יחיעם.gpx,2021-09-08_יחיעם_נווה זיו_געתון.gpx,True,9.0,True
2021-09-09_געתון_יחיעם.gpx,2021-09-09_יחיעם_געתון.gpx,True,7.0,True
2021-09-10_געתון_יחיעם.gpx,2021-09-10_יחיעם_כליל_געתון.gpx,True,10.4,True
2021-09-12_געתון_יחיעם.gpx,2021-09-12_יחיעם_נווה זיו_געתון.gpx,True,9.1,True
2021-09-14_געתון_יחיעם.gpx,2021-09-14_יחיעם_נווה זיו_געתון.gpx,True,9.0,True
2021-09-16_געתון_יחיעם.gpx,2021-09-16_יחיעם_נווה זיו_געתון.gpx,True,11.7,True
2021-09-17_געתון_יחיעם.gpx,2021-09-17_יחיעם_כליל_געתון.gpx,True,10.4,True
2021-09-24_געתון_יחיעם.gpx,2021-09-24_יחיעם_כליל_געתון.gpx,True,11.6,True
2021-09-26_געתון_יחיעם.gpx,2021-09-26_יחיעם_נווה זיו_געתון.gpx,True,10.7,True
2021-10-03_געתון_יחיעם.gpx,2021-10-03_יחיעם_געתון.gpx,True,8.5,True
2021-10-06_געתון_יחיעם.gpx,2021-10-06_יחיעם_געתון.gpx,True,8.2,True
2021-10-15_10-52-52_hk_1634320372.gpx,2021-10-15_מטולה.gpx,True,4.8,True
2021-10-30_געתון_יחיעם.gpx,2021-10-30_יחיעם_כליל_געתון.gpx,True,11.7,True
2021-11-01_געתון_יחיעם.gpx,2021-11-01_יחיעם_כליל_געתון.gpx,True,11.3,True
2021-11-03_געתון_יחיעם.gpx,2021-11-03_יחיעם_כליל_געתון.gpx,True,11.7,True
2021-11-05_געתון_יחיעם.gpx,2021-11-05_יחיעם_כליל_געתון.gpx,True,11.7,True
2021-11-08_נווה זוהר_ערד.gpx,2021-11-08_נווה זוהר.gpx,True,15.5,True
2021-11-09_נווה זוהר_ערד.gpx,2021-11-09_נווה זוהר.gpx,True,15.4,True
2021-11-10_נווה זוהר_ערד.gpx,2021-11-10_נווה זוהר.gpx,True,15.4,True
2021-11-11_נווה זוהר_ערד.gpx,2021-11-11_נווה זוהר.gpx,True,13.9,True
2021-11-19_געתון_יחיעם.gpx,2021-11-19_יחיעם_נווה זיו_געתון.gpx,True,12.0,True
2021-11-22_געתון_יחיעם.gpx,2021-11-22_יחיעם_נווה זיו_געתון.gpx,True,11.9,True
2021-11-23_געתון_יחיעם.gpx,2021-11-23_יחיעם_נווה זיו_געתון.gpx,True,12.0,True
2021-11-27_מעיליא_געתון_נווה זיו.gpx,2021-11-27_יחיעם_מעונה.gpx,True,13.5,False
2021-11-28_געתון_יחיעם.gpx,2021-11-28_יחיעם_כליל_געתון.gpx,True,12.7,True
2021-12-03_יחיעם_געתון.gpx,2021-12-03_יחיעם_כליל_געתון.gpx,True,13.1,True
2021-12-05_כפר מסריק_עין המפרץ.gpx,2021-12-05_כפר מסריק_עין המפרץ.gpx,False,5.1,True
2021-12-08_געתון_יחיעם.gpx,2021-12-08_יחיעם_כליל_געתון.gpx,True,12.5,True
2021-12-09_געתון_יחיעם.gpx,2021-12-09_יחיעם_נווה זיו_געתון.gpx,True,12.0,True
2021-12-10_געתון_יחיעם.gpx,2021-12-10_יחיעם_כליל_געתון.gpx,True,11.1,True
2021-12-13_נווה זוהר_ערד.gpx,2021-12-13_נווה זוהר.gpx,True,12.6,True
2021-12-14_נווה זוהר_ערד.gpx,2021-12-14_נווה זוהר.gpx,True,19.2,True
2021-12-15_נווה זוהר_ערד.gpx,2021-12-15_נווה זוהר.gpx,True,10.5,True
2021-12-16_נווה זוהר_ערד.gpx,2021-12-16_נווה זוהר.gpx,True,15.3,True
2021-12-21_געתון_יחיעם.gpx,2021-12-21_יחיעם_נווה זיו_געתון.gpx,True,12.1,True
2021-12-29_געתון_יחיעם.gpx,2021-12-29_יחיעם_נווה זיו_געתון.gpx,True,12.0,True
2022-01-02_געתון_יחיעם.gpx,2022-01-02_יחיעם_געתון.gpx,True,10.4,True
2022-01-04_געתון_יחיעם.gpx,2022-01-04_יחיעם_נווה זיו_געתון.gpx,True,11.8,True
2022-01-14_געתון_יחיעם.gpx,2022-01-14_יחיעם_נווה זיו_געתון.gpx,True,11.9,True
2022-01-15_געתון_יחיעם.gpx,2022-01-15_יחיעם_נווה זיו_געתון.gpx,True,12.0,True
2022-01-17_נווה זוהר_ערד.gpx,2022-01-17_נווה זוהר.gpx,True,15.5,True
2022-01-18_נווה זוהר_ערד.gpx,2022-01-18_נווה זוהר.gpx,True,21.2,True
2022-01-19_נווה זוהר_ערד.gpx,2022-01-19_נווה זוהר.gpx,True,17.4,True
2022-01-21_געתון_יחיעם.gpx,2022-01-21_יחיעם_נווה זיו_געתון.gpx,True,12.0,True
2022-01-29_געתון_יחיעם.gpx,2022-01-29_יחיעם_נווה זיו_געתון.gpx,True,12.0,True
2022-01-30_געתון_יחיעם.gpx,2022-01-30_יחיעם_נווה זיו_געתון.gpx,True,12.0,True
2022-02-01_געתון_יחיעם.gpx,2022-02-01_יחיעם_נווה זיו_געתון.gpx,True,9.0,True
2022-02-02_געתון_יחיעם.gpx,2022-02-02_יחיעם_נווה זיו_געתון.gpx,True,12.1,True
2022-02-11_געתון_כברי_לימן.gpx,2022-02-11_געתון_נהרייה_כפר ראש הנקרה_כברי_יחיעם.gpx,True,41.2,False
2022-02-16_געתון_יחיעם.gpx,2022-02-16_יחיעם_נווה זיו_געתון.gpx,True,12.0,True
2022-02-17_עין המפרץ_כפר מסריק.gpx,2022-02-17_כפר מסריק_עין המפרץ.gpx,True,11.7,True
2022-02-18_געתון_כברי_גשר הזיו.gpx,2022-02-18_יחיעם_גשר הזיו_געתון.gpx,True,31.4,True
2022-02-19_געתון_יחיעם.gpx,2022-02-19_יחיעם_נווה זיו_געתון.gpx,True,20.0,True
2022-02-22_געתון_יחיעם.gpx,2022-02-22_יחיעם_כברי_געתון.gpx,True,17.6,True
2022-02-23_געתון_יחיעם.gpx,2022-02-23_יחיעם_נווה זיו_געתון.gpx,True,12.7,True
2022-02-24_עין המפרץ_כפר מסריק.gpx,2022-02-24_כפר מסריק_עין המפרץ.gpx,True,15.0,True
2022-02-27_געתון_יחיעם.gpx,2022-02-27_יחיעם_נווה זיו_געתון.gpx,True,12.0,True
2022-02-28_געתון_כברי_לימן.gpx,2022-02-28_יחיעם_כברי_כפר ראש הנקרה_כברי_געתון.gpx,True,44.1,True
2022-03-01_געתון_יחיעם.gpx,2022-03-01_יחיעם_נווה זיו_געתון.gpx,True,9.0,True
2022-03-04_געתון_כברי_יחיעם.gpx,2022-03-04_יחיעם_גשר הזיו_געתון.gpx,True,27.3,True
2022-03-05_מעונה_מעיליא_אבירים.gpx,2022-03-05_מעונה_אבירים_מעיליא.gpx,True,5.2,True
2022-03-07_נווה זוהר_ערד.gpx,2022-03-07_נווה זוהר.gpx,True,13.7,True
2022-03-08_נווה זוהר_ערד.gpx,2022-03-08_נווה זוהר.gpx,True,18.0,True
2022-03-10_נווה זוהר_ערד.gpx,2022-03-10_נווה זוהר.gpx,True,21.6,True
2022-03-25_געתון_יחיעם.gpx,2022-03-25_יחיעם_נווה זיו_געתון.gpx,True,8.9,True
2022-04-01_געתון_יחיעם.gpx,2022-04-01_יחיעם_נווה זיו_געתון.gpx,True,12.0,True
2022-04-02_געתון_מעיליא_נווה זיו.gpx,2022-04-02_יחיעם_מעונה.gpx,True,13.6,False
2022-04-03_געתון_יחיעם.gpx,2022-04-03_יחיעם_נווה זיו_געתון.gpx,True,12.0,True
2022-04-06_בני ברק_תל אביב -יפו.gpx,2022-04-06_תל אביב -יפו_בני ברק.gpx,True,15.7,True
2022-04-07_געתון_יחיעם.gpx,2022-04-07_יחיעם_נווה זיו_געתון.gpx,True,12.0,True
2022-04-12_געתון_יחיעם.gpx,2022-04-12_יחיעם_נווה זיו_געתון.gpx,True,12.0,True
2022-04-13_געתון_יחיעם.gpx,2022-04-13_יחיעם_נווה זיו_געתון.gpx,True,11.9,True
2022-04-14_שלומי_חניתה.gpx,2022-04-14_שלומי_חניתה.gpx,False,6.1,True
2022-04-15_שלומי_חניתה.gpx,2022-04-15_שלומי_חניתה.gpx,False,9.9,True
2022-04-19_געתון_יחיעם_כברי.gpx,2022-04-19_כברי_יחיעם.gpx,True,6.7,False
2022-04-21_געתון_יחיעם.gpx,2022-04-21_יחיעם_נווה זיו_געתון.gpx,True,16.7,True
2022-04-22_יחיעם_עין יעקב_געתון.gpx,2022-04-22_יחיעם_כברי_געתון.gpx,True,29.3,True
2022-04-24_געתון_יחיעם.gpx,2022-04-24_יחיעם_נווה זיו_געתון.gpx,True,8.9,True
2022-05-04_געתון_יחיעם.gpx,2022-05-04_יחיעם_נווה זיו_געתון.gpx,True,12.0,True
2022-05-06_געתון_יחיעם.gpx,2022-05-06_יחיעם_נווה זיו_געתון.gpx,True,12.0,True
2022-05-11_געתון_יחיעם.gpx,2022-05-11_יחיעם_נווה זיו_געתון.gpx,True,12.5,True
2022-05-12_געתון_יחיעם.gpx,2022-05-12_יחיעם_נווה זיו_געתון.gpx,True,13.7,True
2022-05-15_געתון_יחיעם.gpx,2022-05-15_יחיעם_נווה זיו_געתון.gpx,True,12.0,True
2022-05-18_געתון_יחיעם.gpx,2022-05-18_יחיעם_נווה זיו_געתון.gpx,True,13.7,True
2022-05-19_געתון_מעונה_עין יעקב.gpx,2022-05-19_יחיעם_כברי_געתון.gpx,True,33.9,True
2022-05-25_געתון_יחיעם.gpx,2022-05-25_יחיעם_נווה זיו_געתון.gpx,True,8.9,True
2022-05-26_געתון_יחיעם.gpx,2022-05-26_יחיעם_נווה זיו_געתון.gpx,True,12.9,True
2022-05-31_געתון_יחיעם.gpx,2022-05-31_יחיעם_נווה זיו_געתון.gpx,True,9.0,True
2022-06-01_לוטן_גרופית_קטורה.gpx,2022-06-01_לוטן_גרופית_קטורה.gpx,False,16.5,True
2022-06-02_לוטן_גרופית_סמר.gpx,2022-06-02_לוטן_יטבתה_אליפז_יטבתה_קטורה.gpx,True,50.7,True
2022-06-03_אליפז_סמר.gpx,2022-06-03_אליפז.gpx,True,21.6,True
2022-06-04_געתון_כברי_נהרייה.gpx,2022-06-04_יחיעם_נהרייה_כפר ראש הנקרה_כברי_געתון.gpx,True,45.2,True
2022-06-06_קשת_אלוני הבשן_יונתן.gpx,2022-06-06_קשת_אלוני הבשן.gpx,True,27.3,True
2022-06-11_מנות_מעיליא_כברי.gpx,2022-06-11_יחיעם_כברי_כפר ראש הנקרה_עבדון_מעונה.gpx,True,40.9,False
2022-06-12_געתון_יחיעם.gpx,2022-06-12_יחיעם_נווה זיו_געתון.gpx,True,14.0,True
2022-06-15_געתון_כברי_לימן.gpx,2022-06-15_יחיעם_כברי_כפר ראש הנקרה_כברי_געתון.gpx,True,40.9,True
2022-06-18_געתון_עין יעקב_יחיעם.gpx,2022-06-18_געתון.gpx,True,3.9,True
2022-06-19_געתון_כברי_לימן.gpx,2022-06-19_יחיעם_כברי_כפר ראש הנקרה_כברי_געתון.gpx,True,43.4,True
2022-06-24_מנות_מעיליא_כברי.gpx,2022-06-24_יחיעם_כברי_כפר ראש הנקרה_עבדון_מעונה.gpx,True,42.4,False
2022-06-27_נווה זוהר_ערד.gpx,2022-06-27_נווה זוהר.gpx,True,13.3,True
2022-06-28_נווה זוהר_ערד.gpx,2022-06-28_נווה זוהר.gpx,True,15.6,True
2022-06-29_נווה זוהר_ערד.gpx,2022-06-29_נווה זוהר.gpx,True,15.8,True
2022-06-30_ערד_כסיפה_הר עמשא.gpx,2022-06-30_ערד.gpx,True,16.2,True
2022-07-02_יחיעם_געתון_עין יעקב.gpx,2022-07-02_יחיעם_שייח' דנון_געתון.gpx,True,20.3,True
2022-07-03_עין המפרץ_כפר מסריק.gpx,2022-07-03_כפר מסריק_עין המפרץ.gpx,True,15.3,True
2022-07-07_געתון_יחיעם.gpx,2022-07-07_יחיעם_נווה זיו_געתון.gpx,True,9.0,True
2022-07-08_מנות_געתון_הילה.gpx,2022-07-08_יחיעם_גשר הזיו_מעונה.gpx,True,32.3,False
2022-07-11_געתון_כברי_כפר ראש הנקרה.gpx,2022-07-11_יחיעם_כברי_כפר ראש הנקרה_כברי_געתון.gpx,True,47.8,True
2022-07-15_געתון_כברי_לימן.gpx,2022-07-15_יחיעם_כברי_כפר ראש הנקרה_כברי_געתון.gpx,True,45.9,True
2022-07-18_כברי_לימן_גשר הזיו.gpx,2022-07-18_כברי_כפר ראש הנקרה_בן עמי.gpx,True,27.2,True
2022-07-19_כברי_געתון_לימן.gpx,2022-07-19_יחיעם_כפר ראש הנקרה_נווה זיו.gpx,True,38.8,False
2022-07-22_אילון_גורנות הגליל.gpx,2022-07-22_גורנות הגליל_אדמית_אילון.gpx,True,5.4,False
2022-07-23_געתון_נווה זיו.gpx,2022-07-23_יחיעם_כברי_געתון.gpx,True,23.0,True
2022-07-31_געתון_יחיעם.gpx,2022-07-31_יחיעם_נווה זיו_געתון.gpx,True,11.5,True
2022-08-02_געתון_יחיעם.gpx,2022-08-02_יחיעם_נווה זיו_געתון.gpx,True,12.2,True
2022-08-09_געתון_יחיעם.gpx,2022-08-09_יחיעם_נווה זיו_געתון.gpx,True,12.2,True
2022-08-19_געתון_כברי_לימן.gpx,2022-08-19_יחיעם_כברי_כפר ראש הנקרה_כברי_געתון.gpx,True,46.0,True
2022-08-21_געתון_יחיעם.gpx,2022-08-21_יחיעם_נווה זיו_כליל.gpx,True,15.3,True
2022-10-03_געתון_עין יעקב_יחיעם.gpx,2022-10-03_יחיעם_עין יעקב_געתון.gpx,True,2.8,True
2022-10-15_געתון_עין יעקב_יחיעם.gpx,2022-10-15_יחיעם_עין יעקב_געתון.gpx,True,6.3,True
2022-10-21_געתון_יחיעם.gpx,2022-10-21_יחיעם_נווה זיו_געתון.gpx,True,12.1,True
2022-10-23_געתון_יחיעם.gpx,2022-10-23_יחיעם_כברי_געתון.gpx,True,18.0,True
2022-10-24_געתון_יחיעם.gpx,2022-10-24_יחיעם_כברי_געתון.gpx,True,20.6,True
2022-10-26_געתון_יחיעם.gpx,2022-10-26_יחיעם_כברי_געתון.gpx,True,20.7,True
2022-10-27_עין המפרץ_כפר מסריק_יסעור.gpx,2022-10-27_כפר מסריק_יסעור_עין המפרץ.gpx,True,16.5,True
2022-11-09_געתון_יחיעם.gpx,2022-11-09_יחיעם_כברי_געתון.gpx,True,17.5,True
2022-11-11_געתון_יחיעם.gpx,2022-11-11_יחיעם_נווה זיו_געתון.gpx,True,15.6,True
2022-11-17_געתון_יחיעם.gpx,2022-11-17_יחיעם_נווה זיו_געתון.gpx,True,14.2,True
2022-11-18_געתון_יחיעם_עין יעקב.gpx,2022-11-18_יחיעם_כברי_געתון.gpx,True,24.0,True
2022-11-19_מעיליא_געתון_מעונה.gpx,2022-11-19_יחיעם_מעיליא_מעונה.gpx,True,14.0,False
2022-11-23_13-09-57_fi_B19F8437-B851-4BC6-A0E6-4EA258828F4A.gpx,2022-11-23_מצובה_יערה.gpx,True,14.2,True
2022-11-30_כברי_לימן_גשר הזיו.gpx,2022-11-30_כברי_כפר ראש הנקרה_סער.gpx,True,26.7,True
2022-12-05_נווה זוהר_ערד.gpx,2022-12-05_נווה זוהר.gpx,True,18.7,True
2022-12-06_נווה זוהר_ערד.gpx,2022-12-06_נווה זוהר.gpx,True,18.6,True
2022-12-07_נווה זוהר_ערד.gpx,2022-12-07_נווה זוהר.gpx,True,18.8,True
2022-12-08_נווה זוהר_ערד.gpx,2022-12-08_נווה זוהר.gpx,True,20.3,True
2022-12-12_געתון_יחיעם_עין יעקב.gpx,2022-12-12_יחיעם_נווה זיו_געתון.gpx,True,15.1,True
2022-12-16_געתון_יחיעם_עין יעקב.gpx,2022-12-16_יחיעם_כברי_געתון.gpx,True,20.3,True
2022-12-17_מנות_מעיליא_הילה.gpx,2022-12-17_יחיעם_כברי_מעונה.gpx,True,22.9,False
2022-12-21_געתון_יחיעם.gpx,2022-12-21_יחיעם_נווה זיו_געתון.gpx,True,18.8,True
2022-12-28_געתון_גשר הזיו_כברי.gpx,2022-12-28_יחיעם_כברי_כפר ראש הנקרה_כברי_געתון.gpx,True,42.7,True
2023-01-09_געתון_יחיעם.gpx,2023-01-09_יחיעם_נווה זיו_געתון.gpx,True,8.9,True
2023-01-11_מצובה_יערה.gpx,2023-01-11_מצובה_יערה.gpx,False,11.5,True
2023-01-18_געתון_כברי_גשר הזיו.gpx,2023-01-18_יחיעם_גשר הזיו_געתון.gpx,True,28.7,True
2023-01-25_נווה זוהר_ערד.gpx,2023-01-25_נווה זוהר.gpx,True,18.9,True
2023-01-26_נווה זוהר_ערד.gpx,2023-01-26_נווה זוהר.gpx,True,20.4,True
2023-01-27_נווה זוהר_ערד.gpx,2023-01-27_נווה זוהר.gpx,True,18.8,True
2023-01-28_נווה זוהר_ערד.gpx,2023-01-28_נווה זוהר.gpx,True,15.4,True
2023-02-17_געתון_יחיעם_עין יעקב.gpx,2023-02-17_יחיעם_נווה זיו_געתון.gpx,True,14.4,True
2023-02-24_אליפז_סמר.gpx,2023-02-24_אליפז.gpx,True,27.3,True
2023-03-20_נווה זוהר_ערד.gpx,2023-03-20_נווה זוהר.gpx,True,15.2,True
2023-03-21_נווה זוהר_ערד.gpx,2023-03-21_נווה זוהר.gpx,True,18.9,True
2023-03-22_נווה זוהר_ערד.gpx,2023-03-22_נווה זוהר.gpx,True,23.0,True
2023-03-23_נווה זוהר_ערד.gpx,2023-03-23_נווה זוהר.gpx,True,28.9,True
2023-05-17_שושנת העמקים_אביחיל_צוקי ים.gpx,2023-05-17_נתניה_שושנת העמקים.gpx,True,4.2,True
2023-07-06_געתון_עין יעקב_יחיעם.gpx,2023-07-06_יחיעם_עין יעקב.gpx,True,5.4,True
2023-07-09_ברעם_חורפיש_צבעון.gpx,2023-07-09_ברעם_חורפיש.gpx,True,8.0,True
2023-07-22_געתון_עין יעקב_יחיעם.gpx,2023-07-22_געתון_עין יעקב.gpx,True,4.7,True
2023-07-30_מצובה_יערה_שלומי.gpx,2023-07-30_מצובה_יערה.gpx,True,8.7,True
2023-08-04_יגור_כפר חסידים ב'.gpx,2023-08-04_יגור.gpx,True,3.8,True
2023-08-11_יערה_חניתה.gpx,2023-08-11_יערה.gpx,True,5.8,True
2023-08-16_הילה_גורן.gpx,2023-08-16_הילה_גורן.gpx,False,10.2,True
2023-08-18_צורית_גילון_שורשים.gpx,2023-08-18_גילון_צורית.gpx,True,6.9,False
2023-08-25_ברעם_בר יוחאי_מירון.gpx,2023-08-25_ברעם_מירון_בר יוחאי.gpx,True,11.7,True
2023-08-29_עין יעקב_געתון.gpx,2023-08-29_געתון_עין יעקב.gpx,True,9.5,False
2023-09-04_מצובה_יערה_שלומי.gpx,2023-09-04_מצובה_יערה.gpx,True,9.2,True
2023-09-04מצובה .gpx,2023-09-04_מצובה_יערה.gpx,True,8.4,True
2023-09-13_עין יעקב_מעונה_יחיעם.gpx,2023-09-13_יחיעם_מעונה_עין יעקב.gpx,True,15.4,True
2023-09-19_חיפה_טירת כרמל_כפר גלים.gpx,2023-09-19_חיפה.gpx,True,3.3,True
2023-09-23_געתון_עין יעקב_יחיעם.gpx,2023-09-23_יחיעם_עין יעקב.gpx,True,5.2,True
2023-09-25_עין יעקב_געתון.gpx,2023-09-25_יחיעם_געתון_עין יעקב.gpx,True,11.7,True
2023-09-26_חיפה_טירת כרמל_כפר גלים.gpx,2023-09-26_חיפה.gpx,True,3.4,True
2023-10-06_09-59-19_hk_1696565659.gpx,2023-10-06_אלוני הבשן.gpx,True,5.0,True
2023-10-07_14-40-06_hk_1696668906.gpx,2023-10-07_אלוני הבשן.gpx,True,2.8,True
2023-10-14_געתון_עין יעקב_יחיעם.gpx,2023-10-14_געתון_עין יעקב_יחיעם.gpx,False,5.3,False
2023-10-14_געתון_עין יעקב_יחיעם_1.gpx,2023-10-14_יחיעם_עין יעקב.gpx,True,8.5,True
2023-10-21_געתון_עין יעקב.gpx,2023-10-21_יחיעם_נווה זיו_עין יעקב.gpx,True,9.8,True
2023-10-21_געתון_עין יעקב_1.gpx,2023-10-21_יחיעם_נווה זיו_עין יעקב.gpx,True,9.4,True
2023-11-20_געתון_עין יעקב.gpx,2023-11-20_געתון_נווה זיו_יחיעם.gpx,True,11.9,False
2023-11-20_געתון_עין יעקב_יחיעם.gpx,2023-11-20_יחיעם_נווה זיו_עין יעקב.gpx,True,12.3,False
2023-12-19_געתון_עין יעקב_יחיעם_1.gpx,2023-12-19_יחיעם_נווה זיו_געתון.gpx,True,11.8,True
2024-01-25_שדות ים_קיסריה.gpx,2024-01-25_שדות ים_חדרה.gpx,True,18.1,True
2024-02-06_בית זיד_שער העמקים.gpx,2024-02-06_בית זיד_מטולה.gpx,True,130.7,False
2024-02-06_בית זיד_שער העמקים_1.gpx,2024-02-06_שער העמקים_בית זיד.gpx,True,5.3,False
2024-02-09_בית זיד_שער העמקים.gpx,2024-02-09_שער העמקים_בית זיד.gpx,True,3.1,False
2024-02-22_גאולי תימן_מכמורת_כפר ויתקין.gpx,2024-02-22_חדרה_גאולי תימן.gpx,True,7.3,False
2024-02-22_חופית_כפר ויתקין_בית ינאי.gpx,2024-02-22_חופית_חדרה.gpx,True,9.7,False
2024-02-23_געתון_עין יעקב.gpx,2024-02-23_יחיעם_נווה זיו_עין יעקב.gpx,True,12.7,True
2024-02-25_געתון_עין יעקב.gpx,2024-02-25_יחיעם_כברי_עין יעקב.gpx,True,14.9,True
2024-02-26_געתון_עין יעקב.gpx,2024-02-26_יחיעם_כברי_עין יעקב.gpx,True,16.6,True
2024-03-09_געתון_עין יעקב.gpx,2024-03-09_יחיעם_נווה זיו_עין יעקב.gpx,True,13.5,True
2024-03-21_יקום_אודים.gpx,2024-03-21_אודים_יקום.gpx,True,7.8,False
2024-03-23_מטולה_משגב עם.gpx,2024-03-23_מטולה.gpx,True,1.3,True
2024-03-29_געתון_עין יעקב.gpx,2024-03-29_יחיעם_כברי_עין יעקב.gpx,True,15.0,True
2024-03-30_געתון_נווה זיו_עראמשה.gpx,2024-03-30_מטולה.gpx,True,42.5,True
2024-04-02_נווה זוהר_ערד.gpx,2024-04-02_נווה זוהר.gpx,True,10.8,True
2024-04-03_נווה זוהר_ערד.gpx,2024-04-03_נווה זוהר.gpx,True,13.5,True
2024-04-07_געתון_עין יעקב.gpx,2024-04-07_מטולה.gpx,True,3.3,True
2024-04-13_עין יעקב_געתון.gpx,2024-04-13_מטולה.gpx,True,0.8,True
2024-04-18_בני ברק_תל אביב -יפו.gpx,2024-04-18_בני ברק_תל אביב -יפו.gpx,False,11.0,False
2024-05-11_כברי_בן עמי_שייח' דנון.gpx,2024-05-11_מטולה.gpx,True,35.1,True
2024-05-16_עדנים_נווה ירק_גבעת השלושה.gpx,2024-05-16_גבעת השלושה_עדנים.gpx,True,9.2,False
2024-05-20_נווה זוהר_ערד.gpx,2024-05-20_נווה זוהר.gpx,True,14.2,True
2024-05-21_נווה זוהר_ערד.gpx,2024-05-21_נווה זוהר.gpx,True,20.7,True
2024-05-22_נווה זוהר_ערד.gpx,2024-05-22_נווה זוהר.gpx,True,21.2,True
2024-05-24_געתון_מנות_נווה זיו.gpx,2024-05-24_מטולה.gpx,True,10.2,True
2024-05-28_לימן_נהרייה_גשר הזיו.gpx,2024-05-28_מטולה.gpx,True,22.9,True
2024-05-29_נווה זיו_כברי_אדמית.gpx,2024-05-29_מטולה.gpx,True,38.7,True
2024-05-31_מטולה_משגב עם.gpx,2024-05-31_מטולה.gpx,True,0.0,True
2024-06-04_מטולה_משגב עם.gpx,2024-06-04_מטולה.gpx,True,0.1,True
2024-06-04_נהרייה_כברי.gpx,2024-06-04_מטולה.gpx,True,17.2,True
2024-06-06_געתון_עבדון_עין יעקב.gpx,2024-06-06_מטולה.gpx,True,15.3,True
2024-06-11_געתון_אילון_אדמית.gpx,2024-06-11_מטולה.gpx,True,1.8,True
2024-06-13_מנות_אילון.gpx,2024-06-13_מטולה.gpx,True,21.2,True
2024-06-18_געתון_כברי.gpx,2024-06-18_מטולה.gpx,True,1.4,True
2024-06-26_געתון_כברי_גשר הזיו.gpx,2024-06-26_מטולה_נווה זיו_געתון_יחיעם.gpx,True,99.1,False
2024-06-28_מטולה_משגב עם.gpx,2024-06-28_מטולה.gpx,True,3.3,True
2024-07-02_מנות_כברי_סער.gpx,2024-07-02_מטולה.gpx,True,109.5,True
2024-07-05_געתון_יערה_עבדון.gpx,2024-07-05_מטולה.gpx,True,31.5,True
2024-07-06_מעיליא_נווה זיו_הילה.gpx,2024-07-06_מטולה.gpx,True,21.4,True
2024-07-09_כברי_געתון_גשר הזיו.gpx,2024-07-09_יחיעם_גשר הזיו_געתון.gpx,True,30.5,False
2024-07-20_הילה_מעיליא_עין יעקב.gpx,2024-07-20_מטולה.gpx,True,4.9,True
2024-07-22_געתון_יחיעם_כברי.gpx,2024-07-22_מטולה.gpx,True,3.6,True
2024-07-24_געתון_כברי_גשר הזיו.gpx,2024-07-24_מטולה.gpx,True,5.7,True
2024-07-27_מעונה_מעיליא.gpx,2024-07-27_מטולה.gpx,True,0.9,True
2024-07-31_08-58-46_hk_1722409126.gpx,2024-07-31_כפר ראש הנקרה.gpx,True,7.5,True
2024-08-14_כברי_שייח' דנון_נווה זיו.gpx,2024-08-14_מטולה.gpx,True,2.5,True
2024-09-14_1859116312_GPX Download_ Le Petit Balcon Nord - Chamonix-Mont-Blanc - Trail - Loop.gpx,2024-09-14_כפר ראש הנקרה.gpx,True,17.2,True
2024-09-17_כפר גלים_יגור.gpx,2024-09-17_חיפה_כפר גלים.gpx,True,24.8,True
2024-09-19_קיסריה_ג'סר א-זרקא.gpx,2024-09-19_ג'סר א-זרקא_שדות ים_קיסריה.gpx,True,9.4,False
2024-09-25_געתון_גיתה_עין יעקב.gpx,2024-09-25_בית הערבה.gpx,True,11.1,True
2024-10-07_געתון_עין יעקב_יחיעם.gpx,2024-10-07_יחיעם_געתון_עין יעקב.gpx,True,16.4,True
2024-10-19_געתון_עין יעקב_יחיעם.gpx,2024-10-19_יחיעם_עין יעקב.gpx,True,15.1,True
2024-11-07_אבן ספיר_צובה.gpx,2024-11-07_צובה_אורה.gpx,True,8.5,False
2024-11-12_09-29-26_hk_1731400166.gpx,2024-11-12_כפר ראש הנקרה.gpx,True,13.4,True
2024-12-17_כברי_כפר ראש הנקרה_לימן.gpx,2024-12-17_כברי_כפר ראש הנקרה_בן עמי.gpx,True,27.7,True
2024-12-20_כברי_כפר ראש הנקרה_לימן.gpx,2024-12-20_כברי_כפר ראש הנקרה_נהרייה.gpx,True,26.5,True
2024-12-25_כברי_כפר ראש הנקרה_לימן.gpx,2024-12-25_כברי_כפר ראש הנקרה_בן עמי.gpx,True,27.0,True
2025-01-05_געתון_עין יעקב_יחיעם.gpx,2025-01-05_יחיעם_עין יעקב.gpx,True,5.3,True
2025-01-06_געתון_כברי_נהרייה.gpx,2025-01-06_נהרייה_יחיעם.gpx,True,16.1,False
2025-01-09_שניר_שאר ישוב.gpx,2025-01-09_שניר_שאר ישוב.gpx,False,9.4,False
2025-01-18_09-54-14_hk_1737168854.gpx,2025-01-18_אלוני הבשן.gpx,True,5.9,True
2025-01-19_10-00-11_hk_1737255611.gpx,2025-01-19_אלוני הבשן.gpx,True,4.8,True
2025-01-19_17-02-35_hk_1737280955.gpx,2025-01-19_אלוני הבשן.gpx,True,1.2,True
2025-01-19_18-05-16_hk_1737284716.gpx,2025-01-19_אלוני הבשן.gpx,True,2.4,True
2025-01-22_10-43-08_hk_1737517388.gpx,2025-01-22_אלוני הבשן.gpx,True,6.1,True
2025-01-23_10-10-22_hk_1737601822.gpx,2025-01-23_אלוני הבשן.gpx,True,6.9,True
2025-01-24_09-51-16_hk_1737687076.gpx,2025-01-24_אלוני הבשן.gpx,True,7.8,True
2025-01-27_09-14-48_hk_1737944088.gpx,2025-01-27_אלוני הבשן.gpx,True,11.9,True
2025-02-10_נווה זוהר_ערד.gpx,2025-02-10_נווה זוהר.gpx,True,17.7,True
2025-02-11_נווה זוהר_ערד.gpx,2025-02-11_נווה זוהר.gpx,True,13.9,True
2025-02-12_נווה זוהר_ערד.gpx,2025-02-12_נווה זוהר.gpx,True,17.0,True
2025-02-13_נווה זוהר_ערד.gpx,2025-02-13_נווה זוהר.gpx,True,23.8,True
2025-02-22_מבוא חמה_אפיק_נאות גולן.gpx,2025-02-22_אפיק_מבוא חמה.gpx,True,21.8,False
2025-03-02_געתון_עין יעקב_יחיעם.gpx,2025-03-02_יחיעם_כברי_עין יעקב.gpx,True,14.7,True
2025-03-19_16-22-06_hk_1742426526.gpx,2025-03-19_מטולה.gpx,True,6.4,True
2025-04-25_עין הוד_ניר עציון.gpx,2025-04-25_עין הוד.gpx,True,8.5,True
2025-04-26_בית אורן_ניר עציון_יגור.gpx,2025-04-26_בית אורן_יגור.gpx,True,10.1,True
2025-05-03_חרבת חממה שביל הפסגה חניון הפיתול.gpx,2025-05-03_ברעם_מירון.gpx,True,12.4,False
2025-05-15_עין קנייא_נווה אטיב_שניר.gpx,2025-05-15_עין קנייא_שניר.gpx,True,5.5,False
2025-05-24_עין הוד_ניר עציון_בית אורן.gpx,2025-05-24_בית אורן_עין הוד.gpx,True,5.4,False
2025-07-03_שדה נחמיה_עמיר.gpx,2025-07-03_שאר ישוב_שדה נחמיה.gpx,True,7.2,False
2025-07-26_הילה_גורן.gpx,2025-07-26_הילה_גורן.gpx,False,7.2,False
2025-08-28_געתון_כברי_לימן.gpx,2025-08-28_יחיעם_כפר ראש הנקרה.gpx,True,21.1,False
2025-09-01_10-50-53_hk_1756716653.gpx,2025-09-01_כפר ראש הנקרה.gpx,True,7.4,True
2025-09-02_10-48-52_hk_1756802932.gpx,2025-09-02_כפר ראש הנקרה.gpx,True,15.6,True
2025-09-08_געתון_יחיעם_כברי.gpx,2025-09-08_יחיעם_כברי_געתון.gpx,True,13.1,True
2025-09-10_געתון_יחיעם_כברי.gpx,2025-09-10_יחיעם_כברי_געתון.gpx,True,12.9,True
2025-09-14_יחיעם_עין יעקב.gpx,2025-09-14_יחיעם_עין יעקב.gpx,False,7.6,True
2025-09-20_געתון_יחיעם_עין יעקב.gpx,2025-09-20_יחיעם_כברי_געתון.gpx,True,13.0,True
2025-09-22_שבי ציון_כברי_נהרייה.gpx,2025-09-22_יחיעם_שבי ציון_מזרעה.gpx,True,24.8,False
2025-09-23_געתון_כברי_לימן.gpx,2025-09-23_יחיעם_כפר ראש הנקרה_כברי.gpx,True,34.7,False
2025-09-30_גונן_יפתח.gpx,2025-09-30_יפתח_גונן_רמות נפתלי.gpx,True,35.3,True
2025-10-01_שבי ציון_כברי_נהרייה.gpx,2025-10-01_יחיעם_שבי ציון_מזרעה.gpx,True,29.5,False
2025-10-02_געתון_כברי_גשר הזיו.gpx,2025-10-02_געתון_גשר הזיו_יחיעם.gpx,True,29.8,False
2025-10-07_אבירים_מעיליא.gpx,2025-10-07_אבירים.gpx,True,4.6,True
2025-10-11_געתון_יחיעם_כברי.gpx,2025-10-11_יחיעם_כברי_געתון.gpx,True,13.0,True
2025-10-16_געתון_יחיעם.gpx,2025-10-16_יחיעם_כליל_געתון.gpx,True,9.9,True
2025-10-17_הקלטה חניון הפיתול שמורת נחל עמוד.gpx,2025-10-17_מירון_כפר שמאי.gpx,True,7.8,False
2025-10-20_נווה זוהר_ערד.gpx,2025-10-20_נווה זוהר.gpx,True,16.1,True
2025-10-25 עין הוד מצפה עופר.gpx,2025-10-25_עין הוד_גבע כרמל.gpx,True,8.4,False
2025-10-31_כפר ראש הנקרה_לימן.gpx,2025-10-31_כפר ראש הנקרה_גשר הזיו.gpx,True,9.8,False
2025-11-06_ברעם_חורפיש_בר יוחאי.gpx,2025-11-06_בר יוחאי_חורפיש.gpx,True,9.4,False
2025-11-15_געתון_יחיעם.gpx,2025-11-15_יחיעם_כליל_געתון.gpx,True,9.5,True
2025-12-25_מירון_בר יוחאי.gpx,2025-12-25_בר יוחאי_מירון.gpx,True,9.9,False
2026-01-03_ג'סר א-זרקא_בית חנניה.gpx,2026-01-03_בית חנניה_שדות ים.gpx,True,8.3,False
2026-01-10_כברי_לימן_גשר הזיו.gpx,2026-01-10_כברי_כפר ראש הנקרה_בן עמי.gpx,True,27.5,True
2026-01-14_שבי ציון_מזרעה_נהרייה.gpx,2026-01-14_שבי ציון_נהרייה_מזרעה.gpx,True,10.2,False
2026-01-15_שבי ציון_נהרייה.gpx,2026-01-15_שבי ציון_נהרייה_מזרעה.gpx,True,10.4,False
2026-01-16_שבי ציון_נהרייה.gpx,2026-01-16_שבי ציון_נהרייה_מזרעה.gpx,True,8.1,True
2026-01-23_עין יעקב_געתון.gpx,2026-01-23_יחיעם_געתון.gpx,True,9.2,True
2026-01-28_עין זיוון_מרום גולן.gpx,2026-01-28_מרום גולן_עין זיוון.gpx,True,11.3,False
2026-01-30_כברי_לימן_גשר הזיו.gpx,2026-01-30_כברי_כפר ראש הנקרה_בן עמי.gpx,True,26.5,True
2026-01-31_ברעם_מירון.gpx,2026-01-31_ברעם_מירון.gpx,False,11.9,False
2026-02-05_מצובה_יערה_שלומי.gpx,2026-02-05_מצובה_יערה.gpx,True,11.0,True
2026-02-07_מעיליא_מנות_הילה.gpx,2026-02-07_יחיעם_כברי_גשר הזיו_הילה_געתון.gpx,True,42.9,True
2026-02-13_עין יעקב_געתון.gpx,2026-02-13_יחיעם_געתון.gpx,True,9.3,True
2026-02-21_געתון_נווה זיו_כברי.gpx,2026-02-21_יחיעם_כברי_געתון.gpx,True,22.3,False
2026-02-24_עין יעקב_מעונה_געתון.gpx,2026-02-24_יחיעם_מעונה_געתון.gpx,True,19.3,True
2026-02-25_שבי ציון_נהרייה_כברי.gpx,2026-02-25_יחיעם_נהרייה_בוסתן הגליל_נהרייה_געתון.gpx,True,44.5,True
2026-02-26_בארי_רעים_שוקדה.gpx,2026-02-26_בארי.gpx,True,8.7,True
2026-02-27_כברי_גשר הזיו_לימן.gpx,2026-02-27_כברי_כפר ראש הנקרה_בן עמי.gpx,True,26.5,True
2026-02-28_געתון_כברי.gpx,2026-02-28_יחיעם_כברי_געתון.gpx,True,24.6,True
2026-03-05_געתון_כברי.gpx,2026-03-05_געתון_כברי_יחיעם.gpx,True,17.3,False
2026-03-06_עין יעקב_געתון_כברי.gpx,2026-03-06_יחיעם_כברי_געתון.gpx,True,20.6,True
2026-03-13_געתון_עין יעקב.gpx,2026-03-13_יחיעם_געתון.gpx,True,9.5,False
2026-03-13_עין יעקב_געתון.gpx,,,,פחות מ-2 נקודות
2026-03-16_עבדון_מנות_מעיליא.gpx,2026-03-16_יחיעם_נווה זיו_כברי_עבדון_געתון.gpx,True,52.6,True
2026-03-18_געתון_כברי_גשר הזיו.gpx,2026-03-18_יחיעם_נהרייה_געתון.gpx,True,31.6,True
2026-03-23_געתון_מעיליא_מעונה.gpx,2026-03-23_יחיעם_אבירים_געתון.gpx,True,29.8,True
2026-03-25_געתון_גשר הזיו_כברי.gpx,2026-03-25_יחיעם_גשר הזיו_געתון.gpx,True,31.6,True
2026-03-26_מנות_מעיליא_הילה.gpx,2026-03-26_יחיעם_כברי_געתון.gpx,True,29.6,True
2026-04-09_געתון_כברי_גשר הזיו.gpx,2026-04-09_יחיעם_לימן_געתון.gpx,True,37.1,True
2026-04-11_יחיעם_געתון_כברי.gpx,2026-04-11_יחיעם_כברי_געתון.gpx,True,23.7,True
2026-04-15_געתון_כברי_נהרייה.gpx,2026-04-15_כברי_יחיעם.gpx,True,16.6,False
2026-04-16_עין יעקב_מעונה_געתון.gpx,2026-04-16_יחיעם_כברי_געתון.gpx,True,34.9,True
2026-04-20_כברי_געתון_גשר הזיו.gpx,2026-04-20_יחיעם_נהרייה_כפר ראש הנקרה_כברי_געתון.gpx,True,41.6,True
2026-04-24_מנות_מעונה_געתון.gpx,2026-04-24_יחיעם_נהרייה_כפר ראש הנקרה_מנות_געתון.gpx,True,49.5,False
2026-04-27_נטור_נוב_חספין.gpx,2026-04-27_נטור_נוב_אלי-עד_נוב.gpx,True,41.5,True
2026-05-01_עין יעקב_געתון_כברי.gpx,2026-05-01_יחיעם_כברי_געתון.gpx,True,29.5,True
2026-05-02_כברי_שבי ציון_שייח' דנון.gpx,2026-05-02_כברי_גשר הזיו_שבי ציון_נתיב השיירה_שייח' דנון.gpx,True,51.6,True
2026-05-07_געתון_כברי_לימן.gpx,2026-05-07_יחיעם_כפר ראש הנקרה_געתון.gpx,True,40.0,True
2026-05-08_יחיעם_נווה זיו_עין יעקב.gpx,2026-05-08_יחיעם_כליל_כברי_יחיעם_הילה.gpx,True,45.2,False
2026-05-09_מצובה_כברי.gpx,2026-05-09_כברי_יערה_מצובה.gpx,True,17.9,True
2026-05-13_עבדון_כברי_גורן.gpx,2026-05-13_יחיעם_כברי_עבדון.gpx,True,28.3,False
2026-05-14_נוב_חספין_אבני איתן.gpx,2026-05-14_אלי-עד_מיצר.gpx,True,37.0,False
2026-05-16_מצפה נטופה_הילה_מעיליא.gpx,2026-05-16_הילה.gpx,True,0.2,True
2026-05-19_שבי ציון_כברי_שייח' דנון.gpx,2026-05-19_כברי_גשר הזיו_שבי ציון_שייח' דנון.gpx,True,40.0,True
2026-05-22_גילון_צורית_טל-אל.gpx,2026-05-22_טל-אל_צורית_יסעור.gpx,True,31.2,True
2026-05-23_עין יעקב_נווה זיו_מעונה.gpx,2026-05-23_יחיעם_נווה זיו_כברי_מעונה_געתון.gpx,True,43.0,True
2026-05-27_געתון_עין יעקב.gpx,2026-05-27_געתון_עין יעקב.gpx,False,6.2,False
2026-05-27_עין יעקב_געתון.gpx,2026-05-27_יחיעם_געתון.gpx,True,9.6,True
2026-05-30_געתון_עין יעקב_מעיליא.gpx,2026-05-30_יחיעם_מעיליא_געתון.gpx,True,21.5,True
2026-05-30_עין יעקב_מעונה_מעיליא.gpx,2026-05-30_מעונה_געתון_יחיעם.gpx,True,6.5,False
2026-05-31_עין יעקב_יחיעם_געתון.gpx,2026-05-31_יחיעם_לפידות_געתון.gpx,True,25.8,True
2026-06-01_געתון_מעונה_מעיליא.gpx,2026-06-01_יחיעם_מעונה_געתון.gpx,True,27.4,False
2026-06-02 שבי-ציון_עכו_קרית-אתא_חזרה.gpx,2026-06-02_שבי ציון_כפר מסריק_רמת יוחנן_כפר מסריק_בוסתן הגליל.gpx,True,58.7,True
2026-06-02_עין המפרץ_שבי ציון_בוסתן הגליל.gpx,2026-06-02_שבי ציון_כפר מסריק_יפיע.gpx,True,65.6,False
2026-06-06 געתון_רגבה_עכו.gpx,2026-06-06_עכו_יחיעם.gpx,True,25.8,False
2026-06-06_געתון_בוסתן הגליל_נתיב השיירה.gpx,2026-06-06_עכו_יחיעם.gpx,True,23.4,False
2026-06-09_עבדון_גורנות הגליל_כברי.gpx,2026-06-09_כברי_עבדון_גורנות הגליל_אילון_מצובה.gpx,True,44.4,True
2026-06-11 הר-חרמון_גבעות-קרב_הליכה.gpx,2026-06-11_מג'דל שמס.gpx,True,10.4,True
2026-06-11_נחל נמרוד_מג'דל שמס_נווה אטיב.gpx,2026-06-11_מג'דל שמס_מסעדה.gpx,True,23.7,False
2026-06-13 כברי_גורן-הקטן_נוף-חניתה_כברי.gpx,2026-06-13_כברי_גורן_מצובה.gpx,True,35.8,True
2026-06-13_כברי_גורן_חניתה.gpx,2026-06-13_כברי_הילה_חניתה.gpx,True,32.8,False
2026-06-20  כברי ערמשאה שתולה גורן .gpx,2026-06-20_כברי_אדמית_שתולה_גורן_מצובה.gpx,True,61.8,True
2026-06-20_שומרה_גורנות הגליל_כברי.gpx,2026-06-20_כברי_אדמית_שתולה_גורנות הגליל_מצובה.gpx,True,66.7,True
2026-06-24 געתון_נהריה_ראש-הנקרה_נהריה_געתון.gpx,2026-06-24_יחיעם_סער_כפר ראש הנקרה_בן עמי_געתון.gpx,True,45.7,True
2026-06-24_כברי_געתון_לימן.gpx,2026-06-24_כפר ראש הנקרה_יחיעם.gpx,True,22.9,False
2026-06-30 כברי_עבדון_יערב_נוף-חניתה_לימן_נהריה_כברי.gpx,2026-06-30_כברי_חניתה_בן עמי.gpx,True,37.2,True
2026-07-01 סינגל_יחיעם_עליון.gpx,2026-07-01_יחיעם_כליל_עין יעקב.gpx,True,16.1,True
2026-07-03 סינגל חניתה.gpx,2026-07-03_שלומי_יערה_חניתה.gpx,True,23.3,True
2026-07-03_שלומי_מצובה_בצת.gpx,2026-07-03_שלומי.gpx,True,0.8,True
2026-07-04 געתון_חרדלית_מנות_הילה_עין_זיו_חרדלית_געתון.gpx,2026-07-04_יחיעם_הילה_כברי_נווה זיו_געתון.gpx,True,49.9,True
2026-07-04_מעיליא_מנות_הילה.gpx,2026-07-04_יחיעם_הילה_כברי_געתון.gpx,True,50.4,True
2026-07-07_עבדון_געתון_יערה.gpx,2026-07-07_יחיעם_עבדון_כפר ראש הנקרה_בן עמי_געתון.gpx,True,54.0,True
2026-07-07_שבי ציון_כברי_שייח' דנון.gpx,2026-07-07_כברי_שבי ציון_שייח' דנון.gpx,True,32.9,True
2026-07-10_לימן_כפר ראש הנקרה.gpx,2026-07-10_לימן_כפר ראש הנקרה.gpx,False,3.6,False
2026-07-10_מצובה_כפר ראש הנקרה_חניתה.gpx,2026-07-10_כפר ראש הנקרה_יערה_מצובה.gpx,True,24.3,False
2026-07-14_שבי ציון_געתון_נהרייה.gpx,2026-07-14_נהרייה_יחיעם.gpx,True,22.2,False
2026-07-14_שבי ציון_כברי_נהרייה.gpx,2026-07-14_יחיעם_שבי ציון.gpx,True,25.1,False
2026-07-18_שבי ציון_געתון_כברי.gpx,2026-07-18_יחיעם_גשר הזיו_שבי ציון_שייח' דנון_געתון.gpx,True,43.9,True
2026-07-19_עין יעקב_מנות_עבדון.gpx,2026-07-19_יחיעם_מצובה_חניתה_מנות_געתון.gpx,True,47.1,True
2026-07-21_שבי ציון_כברי_נהרייה.gpx,2026-07-21_כברי_כפר ראש הנקרה_שייח' דנון.gpx,True,36.8,True
2026-07-24_עין יעקב_נווה זיו_געתון.gpx,2026-07-24_יחיעם_כברי_נווה זיו.gpx,True,26.9,False
2026-07-28_17-28-32_fi_78CD4066-894B-499A-BE24-467EDEA28534.gpx,2026-07-28_שבי ציון_עין המפרץ_אפק_עין המפרץ_בוסתן הגליל.gpx,True,47.3,True
2026-07-30_06-19-24_fi_EF2EA3AB-B22D-4FEF-A61B-A6DEA644C568.gpx,2026-07-30_יחיעם_מעונה_געתון.gpx,True,28.8,True
2026-07-30_עין יעקב_יחיעם_געתון.gpx,2026-07-30_יחיעם_עין יעקב.gpx,True,2.8,False
2026-08-01_הילה_מנות_מעיליא.gpx,2026-08-01_הילה_עבדון_מעיליא.gpx,True,24.2,True
2026-08-08_מנות_כברי_הילה.gpx,2026-08-08_יחיעם_בן עמי_כפר ראש הנקרה_מנות_געתון.gpx,True,52.1,True
2026-08-09_יחיעם_עין יעקב.gpx,2026-08-09_יחיעם_כליל.gpx,True,7.0,False
2026-08-11_גורן גדול.gpx,2026-08-11_כברי_גורנות הגליל_מצובה.gpx,True,33.6,True
2026-08-13_יחיעם_געתון_עין יעקב.gpx,2026-08-13_יחיעם_כליל_עין יעקב.gpx,True,16.9,True
2026-08-14_בצת_לימן_שלומי.gpx,2026-08-14_בצת_כברי.gpx,True,6.2,False
2026-08-15_עין יעקב_הילה_געתון.gpx,2026-08-15_יחיעם_מעונה_עין יעקב.gpx,True,29.3,True
20260422  פרק גורן סינגל מצובה עבדון פארק גורן.gpx,2026-04-22_עבדון_גורן_מצובה.gpx,True,27.7,True
aradnz.gpx,0000-00-00_ערד_נווה זוהר.gpx,True,30.5,False
Danube_Cycle_Path_-_The_Black_Forest_to_the_Black_Sea.gpx,0000-00-00_כפר ראש הנקרה_מטולה.gpx,True,3070.8,False
Gaaton shomrat.gpx,0000-00-00_געתון_שמרת.gpx,True,21.4,False
hila kziv.gpx,0000-00-00_הילה_עבדון.gpx,True,9.8,False
Israel National Trail-24-05-26.gpx,0000-00-00_אילת_אחוזם_מג'דל שמס_זכרון יעקב.gpx,True,1188.4,False
kabri (1).gpx,0000-00-00_כברי_נווה זיו.gpx,True,16.1,True
Leiden_bikeTour_444.gpx,0000-00-00_כפר ראש הנקרה.gpx,True,64.6,True
maagar_bental_ein_zivan_loop_refined.gpx,0000-00-00_מרום גולן_אל -רום.gpx,True,7.0,True
maanitkkl1-2025-01-17_063500.gpx,2025-01-17_עין שמר_ערערה_גן השומרון.gpx,True,27.0,False
neve-zohar-neot-hakikar-single.gpx,0000-00-00_נווה זוהר_נאות הכיכר.gpx,True,27.0,False
offroad-סינגל חניתה.gpx,0000-00-00_שלומי_חניתה_מצובה.gpx,True,13.6,True
Singel Kabri.gpx,0000-00-00_כברי_נווה זיו.gpx,True,15.5,True
Tikhedunga to ladruk.gpx,0000-00-00_אלוני הבשן.gpx,True,42.2,True
tlv.gpx,0000-00-00_תל אביב -יפו_בת ים.gpx,True,38.8,True
Vienna_to_Budapest.gpx,0000-00-00_כפר ראש הנקרה.gpx,True,302.7,True
yarkon4a.gpx,0000-00-00_תל אביב -יפו_אזור_גבעת כח_עדנים_בני ברק.gpx,True,75.2,True
אילת השחר -ריחניה-דישון-אילת השחר.gpx,0000-00-00_איילת השחר_יראון_שדה אליעזר.gpx,True,31.0,True
אליעד לנטור.gpx,0000-00-00_אלי-עד_חספין_נטור.gpx,True,13.5,False
אמפי גולן - מבוא חמה.gpx,0000-00-00_אפיק_מבוא חמה.gpx,True,8.4,False
באר אורה אילת.gpx,0000-00-00_אילת_אליפז.gpx,True,39.4,False
בארי משפחות כחול.GPX,0000-00-00_בארי.GPX,True,9.5,True
בארי משפחות כתום.GPX,0000-00-00_בארי.GPX,True,9.1,True
בארי שוקדה בשור.gpx,0000-00-00_בארי_רעים.gpx,True,23.5,True
בארי שוקדה עם קיצורים.gpx,0000-00-00_בארי_רעים_עין השלושה_רעים.gpx,True,64.1,False
בארי שוקדה.gpx,0000-00-00_בארי_רעים_עין השלושה_רעים.gpx,True,49.8,True
בולבוסים-יהל קטורה.gpx,0000-00-00_יהל_קטורה.gpx,True,35.5,False
בין שדה בוקר לעובדת רז גורן.gpx,0000-00-00_שדה בוקר.gpx,True,35.0,True
בית גוברין תל ארד.GPX,0000-00-00_בית גוברין_להב_כסיפה.GPX,True,82.7,False
בית חנניה לנחל תנינים.gpx,0000-00-00_מאיר שפיה_ג'סר א-זרקא.gpx,True,15.0,False
געתון -עין מירב- עין אשחר - נחל געתון- עין יעקב 180-8.gpx,0000-00-00_געתון_עין יעקב.gpx,True,7.8,False
געתון גבעת העץ יחיעם געתון.gpx,0000-00-00_יחיעם_עין יעקב.gpx,True,7.5,True
געתון גבעת העץ1.gpx,0000-00-00_עין יעקב_יחיעם.gpx,True,6.8,True
געתון הר בטח געתון 2.gpx,0000-00-00_עין יעקב_מעונה.gpx,True,10.5,True
געתון הר בטח געתון.gpx,0000-00-00_עין יעקב_מעונה_יחיעם.gpx,True,10.2,True
געתון כזיב אכזיב.gpx,0000-00-00_עין יעקב_גשר הזיו.gpx,True,27.2,False
געתון רגלי עין מירב עין שחר.gpx,0000-00-00_געתון.gpx,True,2.4,True
גשר עירון.GPX,0000-00-00_גשר_בלפוריה_ברקאי.GPX,True,79.3,False
דן-גשר.GPX,0000-00-00_דן_אלמגור_גשר.GPX,True,95.4,False
דרגון וקטורה יוטבתה.gpx,0000-00-00_יטבתה_קטורה_נווה חריף_קטורה_גרופית.gpx,True,48.5,True
הילה כרמיאל הילה.gpx,0000-00-00_הילה_כברי_יסעור_לבון_מעיליא.gpx,True,64.4,True
הילה מונפורט.gpx,0000-00-00_הילה_גורן.gpx,True,2.9,True
הילה עבדון נחל כזיב ביצוע.gpx,0000-00-00_הילה_עבדון.gpx,True,9.1,False
הילה פארק גורן.gpx,0000-00-00_הילה_גורן.gpx,True,5.9,False
הילה- עין טמיר- עין חרדלית- כזיב רגלי.gpx,0000-00-00_הילה_עבדון.gpx,True,9.8,False
הקלטה צבעון חורפיש 2025-04-12 04_24_44.gpx,2025-04-12_צבעון_חורפיש.gpx,True,7.9,False
הר אדיר נחל פער.gpx,0000-00-00_ברעם_מתת.gpx,True,7.0,True
הר חזקיהו -אילת.gpx,0000-00-00_אילות_אילת.gpx,True,22.0,False
חזור_נמרוד_בניאס.gpx,0000-00-00_עין קנייא_שניר.gpx,True,4.0,False
חירבת רקית הר שוקף עוספיא.gpx,0000-00-00_בית אורן_יגור.gpx,True,9.4,True
חממה פיתול מניר.gpx,0000-00-00_ברעם_מירון.gpx,True,11.0,False
חרבת חממה - חניון הפיתול ניר.gpx,0000-00-00_ברעם_מירון.gpx,True,10.0,False
טיול 20 קמ.gpx,0000-00-00_כפר ראש הנקרה.gpx,True,21.7,True
טיול מדרגות בחיפה הקלטה  2023-09-10 .gpx,2023-09-10_חיפה.gpx,True,3.1,True
טיול מדרגות בעליה 2.gpx,0000-00-00_חיפה.gpx,True,2.6,True
טיול מדרגות חיפה בירידה.gpx,0000-00-00_חיפה.gpx,True,2.4,True
טיול מדרגות חיפה בעליה.gpx,0000-00-00_חיפה.gpx,True,2.6,True
טיילת דרום הגולן אופניים משפחתי קל 1.gpx,0000-00-00_בני יהודה_תל קציר.gpx,True,14.8,False
טראק מסעות בתבונה 2023-10.gpx,0000-00-00_אלוני הבשן.gpx,True,73.1,True
יגור מעגלי.gpx,0000-00-00_יגור.gpx,True,5.5,True
יגור שביל הדרוזים דרך היערן.gpx,0000-00-00_יגור.gpx,True,6.7,True
יהל 1.gpx,0000-00-00_יהל.gpx,True,16.5,True
יהל יוטבתה 38.gpx,0000-00-00_יהל_יטבתה.gpx,True,38.1,False
יהל.gpx,0000-00-00_יהל.gpx,True,20.6,True
יורדים בנחל שכוי אל נחל עמוד - צפת.gpx,0000-00-00_צפת_כפר שמאי.gpx,True,7.1,True
יחיעם ברגל.gpx,0000-00-00_יחיעם_כליל.gpx,True,5.3,True
יחיעם עליון שיירה עין אשחר סינגל מירב2026-08-19_07-02-59.gpx,2026-08-19_יחיעם_כברי_געתון.gpx,True,26.5,True
יער הדובים השיירה סינגל בני.gpx,0000-00-00_יחיעם_כברי_געתון.gpx,True,22.9,True
יער לביא והר טורעאן.gpx,0000-00-00_אילנייה_מצפה נטופה_רומאנה_טורעאן_גבעת אבני.gpx,True,44.3,True
כברי עבדון יערה ערמאשה שומרה גורן הקטן.gpx,0000-00-00_כברי_יערה_כפר רוזנואלד (זרעית)_אילון_מצובה.gpx,True,50.3,True
כפר הנוקדים ערד כביש.gpx,0000-00-00_ערד.gpx,True,8.2,True
להבות הבשן.gpx,0000-00-00_יפתח_גונן_רמות נפתלי.gpx,True,31.7,True
לוטן יהל לוטן תכנון.gpx,0000-00-00_לוטן_יהל_נווה חריף.gpx,True,46.5,True
לוטן לאליפז.gpx,0000-00-00_לוטן_אליפז.gpx,True,26.8,False
מונה כברי שבי ציון שיירה.gpx,0000-00-00_כברי_שבי ציון_שייח' דנון.gpx,True,38.0,True
מונה סובב מירון חדש.gpx,0000-00-00_ברעם_כפר שמאי_חורפיש.gpx,True,25.5,False
מחצבה לנוה זוהר.gpx,0000-00-00_חצבה_נאות הכיכר_נווה זוהר.gpx,True,55.8,False
ממאגר בנטל לעין זיוון - שביל הגולן מקטע 5 .gpx,0000-00-00_מרום גולן_עין זיוון.gpx,True,10.4,False
ממשית-מצפה-רמון.GPX,0000-00-00_דימונה_שדה בוקר_מצפה רמון.GPX,True,75.7,False
מנגו הללוייה שדה בוקר.gpx,0000-00-00_שדה בוקר_אשלים.gpx,True,16.2,True
מסביב להר שפנים - בית גאן.gpx,0000-00-00_בית ג'ן_שפר_עין אל-אסד.gpx,True,9.4,True
מסביב להררית.gpx,0000-00-00_הררית.gpx,True,6.5,True
מסלול הר יזרח נוה זוהר.gpx,0000-00-00_נווה זוהר.gpx,True,6.3,True
מעגליסביבמקורותהירדןליוםקיץ.gpx,0000-00-00_הגושרים_כפר בלום_דפנה.gpx,True,26.7,True
מעלה מור - לבונה.gpx,0000-00-00_נווה זוהר.gpx,True,5.2,True
מעלות עין זיו.gpx,0000-00-00_מעלות-תרשיחא_אבירים.gpx,True,4.5,False
מצפה-רמון-פארן.GPX,0000-00-00_מצפה רמון_צופר_פארן.GPX,True,83.4,False
מרות-קציון שדה אליעזר.gpx,0000-00-00_שדה אליעזר_עלמה.gpx,True,8.8,True
נחל כזיב.gpx,0000-00-00_עבדון_אבירים_מנות.gpx,True,24.1,True
נחל נמר אדמית.gpx,0000-00-00_יערה_אדמית.gpx,True,8.9,True
נחל עמוד עליון חניון שמורת נחל עמוד.gpx,0000-00-00_דלתון_כפר שמאי.gpx,True,5.1,False
נחל עמוד עליון נחל מירון.gpx,0000-00-00_דלתון_מירון.gpx,True,6.6,False
נחל רחף הלוך וחזור.gpx,0000-00-00_נווה זוהר_ערד.gpx,True,1.6,False
נחל שיח חיפה.gpx,0000-00-00_חיפה.gpx,True,3.5,True
נחל שרך הליכה.gpx,0000-00-00_גורנות הגליל_אדמית_אילון.gpx,True,5.2,False
נקיקי יפתח מצודת כוח קרן נפתלי.gpx,0000-00-00_רמות נפתלי_יפתח.gpx,True,11.3,False
סובב בית הכרם צפון.gpx,0000-00-00_גילון_נחף_פלך.gpx,True,34.7,True
סובב טבעון.gpx,0000-00-00_אלונים_שער העמקים_רמת ישי.gpx,True,30.5,True
סובב כרכום כפר הנשיא.gpx,0000-00-00_כרכום_משמר הירדן_אלמגור.gpx,True,29.1,True
סובב מירון 11-440-.gpx,0000-00-00_ברעם_מירון_צבעון.gpx,True,10.9,True
סינגל אחיהוד התחלה בטל אל.GPX,0000-00-00_טל-אל_גילון_יסעור.GPX,True,20.9,True
סינגל בירייה ודישון.gpx,0000-00-00_איילת השחר_דלתון_סאסא_דישון_שדה אליעזר.gpx,True,44.9,True
סינגל גבעת המורה 1.gpx,0000-00-00_נאעורה_דחי_גבע.gpx,True,28.8,True
סינגל חמרית מפעלי ים המלח.gpx,0000-00-00_נאות הכיכר_נווה זוהר.gpx,True,39.0,False
סינגל חניתה 1.gpx,0000-00-00_שלומי_יערה_מצובה.gpx,True,15.7,True
סינגל חנניה 2026-07-31.gpx,2026-07-31_כפר חנניה.gpx,True,13.2,True
סינגל יחיעם 2.GPX,0000-00-00_עין יעקב_כברי_געתון.GPX,True,27.1,True
סינגל יחיעם המחודש.gpx,0000-00-00_עין יעקב_כברי_געתון.gpx,True,27.3,True
סינגל יחיעם כפר ורדים סמיע.gpx,0000-00-00_שייח' דנון_כליל_כסרא-סמיע_יחיעם_עמקה.gpx,True,40.9,True
סינגל רמים הרי נפתלי.GPX,0000-00-00_כפר גלעדי_מנרה_מרגליות.GPX,True,23.4,True
עין הוד יער עופר שביל ישראל.gpx,0000-00-00_עין הוד_גבע כרמל.gpx,True,8.5,False
עין המפרץ.gpx,0000-00-00_עין המפרץ_צביה_מגדל.gpx,True,64.7,False
עירון ראש העין .GPX,0000-00-00_ברקאי_כפר ויתקין_תל אביב -יפו_פתח תקווה_עינת.GPX,True,104.6,False
ערד מצדה נוה זוהר.gpx,0000-00-00_ערד.gpx,True,37.4,True
ערד שפך זוהר.gpx,0000-00-00_ערד_נווה זוהר.gpx,True,39.6,False
עתידים - פרק אפק מקורות הירקון.gpx,0000-00-00_בני ברק_נווה ירק_גבעת השלושה.gpx,True,17.0,False
פארן-שחרות.GPX,0000-00-00_פארן_יהל_שחרות.GPX,True,92.1,False
צוק הנשרים.gpx,0000-00-00_מעיליא.gpx,True,1.0,True
קטורה.gpx,0000-00-00_לוטן_קטורה.gpx,True,17.2,True
קלעת נמרוד שניר 2025-07-06.gpx,2025-07-06_עין קנייא_שניר.gpx,True,6.3,False
ראש העין בית גוברין.GPX,0000-00-00_עינת_כרמי יוסף_בית גוברין.GPX,True,84.6,False
רכבל הכסאות ירידה רגלית.gpx,0000-00-00_כפר ראש הנקרה.gpx,True,3.6,True
רכס סולם חניתה מצובה רז גורן.gpx,0000-00-00_כפר ראש הנקרה_חניתה_יערה_לימן.gpx,True,42.3,True
רכס רמים ירידה ברכבל.gpx,0000-00-00_מנרה.gpx,True,3.8,True
שביל הגולן.gpx,0000-00-00_מג'דל שמס_קשת_תל קציר.gpx,True,123.5,False
שביל ישראל מקטע 1.gpx,0000-00-00_אילת_מצפה רמון_עין גדי.gpx,True,429.2,False
שביל ישראל צבעון_ח_חממה_מורן_חורפיש.gpx,0000-00-00_צבעון_חורפיש.gpx,True,7.4,False
שביל_ישראל - מקטע 24 - צובה סטף עין כרם.gpx,0000-00-00_צובה_מטע.gpx,True,29.2,False
שביל_ישראל החדש - מקטע 1 - אתר השטח.gpx,0000-00-00_ערד.gpx,True,13.2,True
שויצריה הקטנה.gpx,0000-00-00_בית אורן_נשר.gpx,True,4.9,True
שחרות-אילת.GPX,0000-00-00_שחרות_אליפז_אילת.GPX,True,79.9,False
תבור מעגלי.gpx,0000-00-00_שבלי - אום אל-גנם.gpx,True,5.0,True
תכ_חורבת רקית חניון נחל אורן תחתון.gpx,0000-00-00_בית אורן_עין הוד.gpx,True,4.7,False
תכנון ניר  חניון עיקול חניון עמוד.gpx,0000-00-00_מירון_קדרים.gpx,True,12.1,False
תכנון שביל הפסגה חרבת חממה נחל נריה.gpx,0000-00-00_בר יוחאי_חורפיש.gpx,True,7.8,False
תכנון_בית-חנניה-קיסריה.gpx,0000-00-00_בית חנניה_שדות ים.gpx,True,7.6,False
תל אביב נתניה.gpx,0000-00-00_כפר נטר_נתניה_געש_יקום_אודים.gpx,True,40.5,True
תל ארד ממשית.GPX,0000-00-00_כסיפה_ערד_דימונה.GPX,True,49.9,False
תמנע באר אורה אילת.gpx,0000-00-00_אליפז_אילת.gpx,True,35.7,False
‎⁨האיש שבקיר ומערת המקדש - אתר נָאקֶבּ 1⁩.gpx,0000-00-00_אבירים.gpx,True,4.8,True
