מקור,יעד,פעולה,הערה
G:\My Drive\רון - ניירת אישית\בריאות וספורט\אופניים\Maps\מעגליסביבמקורותהירדןליוםקיץ.gpx,C:\Users\yairr\GPX_files\מעגליסביבמקורותהירדןליוםקיץ.gpx,הועבר,
G:\My Drive\רון - ניירת אישית\בריאות וספורט\אופניים\Maps\סינגל בירייה ודישון.gpx,C:\Users\yairr\GPX_files\סינגל בירייה ודישון.gpx,הועבר,
G:\My Drive\רון - ניירת אישית\בריאות וספורט\אופניים\Maps\מסלולי אופניים\2017_0620_Yarkon_TA_RG.gpx,C:\Users\yairr\GPX_files\2017_0620_Yarkon_TA_RG.gpx,הועבר,
G:\My Drive\רון - ניירת אישית\בריאות וספורט\אופניים\Maps\מסלולי אופניים\2019-04-12-01_TIMNA1.gpx,C:\Users\yairr\GPX_files\2019-04-12-01_TIMNA1.gpx,הועבר,
G:\My Drive\רון - ניירת אישית\בריאות וספורט\אופניים\Maps\מסלולי אופניים\offroad-סינגל חניתה.gpx,C:\Users\yairr\GPX_files\offroad-סינגל חניתה.gpx,הועבר,
G:\My Drive\רון - ניירת אישית\בריאות וספורט\אופניים\Maps\מסלולי אופניים\אילת השחר -ריחניה-דישון-אילת השחר.gpx,C:\Users\yairr\GPX_files\אילת השחר -ריחניה-דישון-אילת השחר.gpx,הועבר,
G:\My Drive\רון - ניירת אישית\בריאות וספורט\אופניים\Maps\מסלולי אופניים\tlv.gpx,C:\Users\yairr\GPX_files\tlv.gpx,הועבר,
G:\My Drive\רון - ניירת אישית\בריאות וספורט\אופניים\Maps\מסלולי אופניים\yarkon4a.gpx,C:\Users\yairr\GPX_files\yarkon4a.gpx,הועבר,
G:\My Drive\רון - ניירת אישית\בריאות וספורט\אופניים\Maps\מסלולי אופניים\בין שדה בוקר לעובדת רז גורן.gpx,C:\Users\yairr\GPX_files\בין שדה בוקר לעובדת רז גורן.gpx,הועבר,
G:\My Drive\רון - ניירת אישית\בריאות וספורט\אופניים\Maps\מסלולי אופניים\געתון כזיב אכזיב.gpx,C:\Users\yairr\GPX_files\געתון כזיב אכזיב.gpx,הועבר,
G:\My Drive\רון - ניירת אישית\בריאות וספורט\אופניים\Maps\מסלולי אופניים\יהל 1.gpx,C:\Users\yairr\GPX_files\יהל 1.gpx,הועבר,
G:\My Drive\רון - ניירת אישית\בריאות וספורט\אופניים\Maps\מסלולי אופניים\יער לביא והר טורעאן.gpx,C:\Users\yairr\GPX_files\יער לביא והר טורעאן.gpx,הועבר,
G:\My Drive\רון - ניירת אישית\בריאות וספורט\אופניים\Maps\מסלולי אופניים\מחצבה לנוה זוהר.gpx,C:\Users\yairr\GPX_files\מחצבה לנוה זוהר.gpx,הועבר,
G:\My Drive\רון - ניירת אישית\בריאות וספורט\אופניים\Maps\מסלולי אופניים\מעלות עין זיו.gpx,C:\Users\yairr\GPX_files\מעלות עין זיו.gpx,הועבר,
G:\My Drive\רון - ניירת אישית\בריאות וספורט\אופניים\Maps\מסלולי אופניים\נחל רחף הלוך וחזור.gpx,C:\Users\yairr\GPX_files\נחל רחף הלוך וחזור.gpx,הועבר,
G:\My Drive\רון - ניירת אישית\בריאות וספורט\אופניים\Maps\מסלולי אופניים\סינגל אחיהוד התחלה בטל אל.GPX,C:\Users\yairr\GPX_files\סינגל אחיהוד התחלה בטל אל.GPX,הועבר,
G:\My Drive\רון - ניירת אישית\בריאות וספורט\אופניים\Maps\מסלולי אופניים\סינגל גבעת המורה 1.gpx,C:\Users\yairr\GPX_files\סינגל גבעת המורה 1.gpx,הועבר,
G:\My Drive\רון - ניירת אישית\בריאות וספורט\אופניים\Maps\מסלולי אופניים\סינגל חניתה 1.gpx,C:\Users\yairr\GPX_files\סינגל חניתה 1.gpx,הועבר,
G:\My Drive\רון - ניירת אישית\בריאות וספורט\אופניים\Maps\מסלולי אופניים\סינגל רמים הרי נפתלי.GPX,C:\Users\yairr\GPX_files\סינגל רמים הרי נפתלי.GPX,הועבר,
G:\My Drive\רון - ניירת אישית\בריאות וספורט\אופניים\Maps\מסלולי אופניים\ערד שפך זוהר.gpx,C:\Users\yairr\GPX_files\ערד שפך זוהר.gpx,הועבר,
G:\My Drive\רון - ניירת אישית\בריאות וספורט\אופניים\Maps\מסלולי אופניים\רכס סולם חניתה מצובה רז גורן.gpx,C:\Users\yairr\GPX_files\רכס סולם חניתה מצובה רז גורן.gpx,הועבר,
G:\My Drive\רון - ניירת אישית\בריאות וספורט\אופניים\Maps\מסלולי אופניים\שויצריה הקטנה.gpx,C:\Users\yairr\GPX_files\שויצריה הקטנה.gpx,הועבר,
G:\My Drive\רון - ניירת אישית\בריאות וספורט\אופניים\Maps\מסלולי אופניים\צוק הנשרים.gpx,C:\Users\yairr\GPX_files\צוק הנשרים.gpx,הועבר,
G:\My Drive\רון - ניירת אישית\בריאות וספורט\אופניים\Maps\מסלולי אופניים\תל אביב נתניה.gpx,C:\Users\yairr\GPX_files\תל אביב נתניה.gpx,הועבר,
G:\My Drive\רון - ניירת אישית\בריאות וספורט\אופניים\My Tracks\חוצה ישראל- ארנון\גשר עירון.GPX,C:\Users\yairr\GPX_files\גשר עירון.GPX,הועבר,
G:\My Drive\רון - ניירת אישית\בריאות וספורט\אופניים\My Tracks\חוצה ישראל- ארנון\ממשית-מצפה-רמון.GPX,C:\Users\yairr\GPX_files\ממשית-מצפה-רמון.GPX,הועבר,
G:\My Drive\רון - ניירת אישית\בריאות וספורט\אופניים\My Tracks\חוצה ישראל- ארנון\בית גוברין תל ארד.GPX,C:\Users\yairr\GPX_files\בית גוברין תל ארד.GPX,הועבר,
G:\My Drive\רון - ניירת אישית\בריאות וספורט\אופניים\My Tracks\חוצה ישראל- ארנון\דן-גשר.GPX,C:\Users\yairr\GPX_files\דן-גשר.GPX,הועבר,
G:\My Drive\רון - ניירת אישית\בריאות וספורט\אופניים\My Tracks\חוצה ישראל- ארנון\מצפה-רמון-פארן.GPX,C:\Users\yairr\GPX_files\מצפה-רמון-פארן.GPX,הועבר,
G:\My Drive\רון - ניירת אישית\בריאות וספורט\אופניים\My Tracks\חוצה ישראל- ארנון\עירון ראש העין .GPX,C:\Users\yairr\GPX_files\עירון ראש העין .GPX,הועבר,
G:\My Drive\רון - ניירת אישית\בריאות וספורט\אופניים\My Tracks\חוצה ישראל- ארנון\פארן-שחרות.GPX,C:\Users\yairr\GPX_files\פארן-שחרות.GPX,הועבר,
G:\My Drive\רון - ניירת אישית\בריאות וספורט\אופניים\My Tracks\חוצה ישראל- ארנון\תל ארד ממשית.GPX,C:\Users\yairr\GPX_files\תל ארד ממשית.GPX,הועבר,
G:\My Drive\רון - ניירת אישית\בריאות וספורט\אופניים\My Tracks\חוצה ישראל- ארנון\ראש העין בית גוברין.GPX,C:\Users\yairr\GPX_files\ראש העין בית גוברין.GPX,הועבר,
G:\My Drive\רון - ניירת אישית\בריאות וספורט\אופניים\My Tracks\חוצה ישראל- ארנון\שחרות-אילת.GPX,C:\Users\yairr\GPX_files\שחרות-אילת.GPX,הועבר,
G:\My Drive\רון - ניירת אישית\בריאות וספורט\אופניים\My Tracks\צפון\געתון רגלי עין מירב עין שחר.gpx,C:\Users\yairr\GPX_files\געתון רגלי עין מירב עין שחר.gpx,הועבר,
G:\My Drive\רון - ניירת אישית\בריאות וספורט\אופניים\My Tracks\צפון\הילה מונפורט.gpx,C:\Users\yairr\GPX_files\הילה מונפורט.gpx,הועבר,
G:\My Drive\רון - ניירת אישית\בריאות וספורט\אופניים\My Tracks\צפון\נחל שרך הליכה.gpx,C:\Users\yairr\GPX_files\נחל שרך הליכה.gpx,הועבר,
G:\My Drive\רון - ניירת אישית\בריאות וספורט\אופניים\My Tracks\צפון\סינגל יחיעם כפר ורדים סמיע.gpx,C:\Users\yairr\GPX_files\סינגל יחיעם כפר ורדים סמיע.gpx,הועבר,
G:\My Drive\רון - ניירת אישית\בריאות וספורט\אופניים\My Tracks\צפון\צוק הנשרים.gpx,C:\Users\yairr\GPX_files\כפילויות\צוק הנשרים.gpx,כפילות (הועבר לתיקיית כפילויות),זהה בתוכן ל: G:\My Drive\רון - ניירת אישית\בריאות וספורט\אופניים\Maps\מסלולי אופניים\צוק הנשרים.gpx
G:\My Drive\רון - ניירת אישית\בריאות וספורט\אופניים\My Tracks\צפון\עין המפרץ.gpx,C:\Users\yairr\GPX_files\עין המפרץ.gpx,הועבר,
G:\My Drive\רון - ניירת אישית\בריאות וספורט\אופניים\My Tracks\צפון\יחיעם ברגל.gpx,C:\Users\yairr\GPX_files\יחיעם ברגל.gpx,הועבר,
G:\My Drive\רון - ניירת אישית\בריאות וספורט\אופניים\My Tracks\דרום\aradnz.gpx,C:\Users\yairr\GPX_files\aradnz.gpx,הועבר,
G:\My Drive\רון - ניירת אישית\בריאות וספורט\אופניים\My Tracks\דרום\באר אורה אילת.gpx,C:\Users\yairr\GPX_files\באר אורה אילת.gpx,הועבר,
G:\My Drive\רון - ניירת אישית\בריאות וספורט\אופניים\My Tracks\דרום\בולבוסים-יהל קטורה.gpx,C:\Users\yairr\GPX_files\בולבוסים-יהל קטורה.gpx,הועבר,
G:\My Drive\רון - ניירת אישית\בריאות וספורט\אופניים\My Tracks\דרום\דרגון וקטורה יוטבתה.gpx,C:\Users\yairr\GPX_files\דרגון וקטורה יוטבתה.gpx,הועבר,
G:\My Drive\רון - ניירת אישית\בריאות וספורט\אופניים\My Tracks\דרום\הר חזקיהו -אילת.gpx,C:\Users\yairr\GPX_files\הר חזקיהו -אילת.gpx,הועבר,
G:\My Drive\רון - ניירת אישית\בריאות וספורט\אופניים\My Tracks\דרום\כפר הנוקדים ערד כביש.gpx,C:\Users\yairr\GPX_files\כפר הנוקדים ערד כביש.gpx,הועבר,
G:\My Drive\רון - ניירת אישית\בריאות וספורט\אופניים\My Tracks\דרום\יהל יוטבתה 38.gpx,C:\Users\yairr\GPX_files\יהל יוטבתה 38.gpx,הועבר,
G:\My Drive\רון - ניירת אישית\בריאות וספורט\אופניים\My Tracks\דרום\יהל.gpx,C:\Users\yairr\GPX_files\יהל.gpx,הועבר,
G:\My Drive\רון - ניירת אישית\בריאות וספורט\אופניים\My Tracks\דרום\לוטן יהל לוטן תכנון.gpx,C:\Users\yairr\GPX_files\לוטן יהל לוטן תכנון.gpx,הועבר,
G:\My Drive\רון - ניירת אישית\בריאות וספורט\אופניים\My Tracks\דרום\לוטן לאליפז.gpx,C:\Users\yairr\GPX_files\לוטן לאליפז.gpx,הועבר,
G:\My Drive\רון - ניירת אישית\בריאות וספורט\אופניים\My Tracks\דרום\מנגו הללוייה שדה בוקר.gpx,C:\Users\yairr\GPX_files\מנגו הללוייה שדה בוקר.gpx,הועבר,
G:\My Drive\רון - ניירת אישית\בריאות וספורט\אופניים\My Tracks\דרום\מעלה מור - לבונה.gpx,C:\Users\yairr\GPX_files\מעלה מור - לבונה.gpx,הועבר,
G:\My Drive\רון - ניירת אישית\בריאות וספורט\אופניים\My Tracks\דרום\קטורה.gpx,C:\Users\yairr\GPX_files\קטורה.gpx,הועבר,
G:\My Drive\רון - ניירת אישית\בריאות וספורט\אופניים\My Tracks\דרום\ערד מצדה נוה זוהר.gpx,C:\Users\yairr\GPX_files\ערד מצדה נוה זוהר.gpx,הועבר,
G:\My Drive\רון - ניירת אישית\בריאות וספורט\אופניים\My Tracks\דרום\תמנע באר אורה אילת.gpx,C:\Users\yairr\GPX_files\תמנע באר אורה אילת.gpx,הועבר,
G:\My Drive\רון - ניירת אישית\נושאים שונים\ייבוא נתונים\from Gmail\הילה כרמיאל הילה.gpx,C:\Users\yairr\GPX_files\הילה כרמיאל הילה.gpx,הועבר,
G:\My Drive\רון - ניירת אישית\נושאים שונים\ייבוא נתונים\FromTablet\2015-07-06 0635__20150706_0635.gpx,C:\Users\yairr\GPX_files\2015-07-06 0635__20150706_0635.gpx,הועבר,
G:\My Drive\רון - ניירת אישית\נושאים שונים\ייבוא נתונים\FromTablet\2015-12-04 0601__20151204_0601.gpx,C:\Users\yairr\GPX_files\2015-12-04 0601__20151204_0601.gpx,הועבר,
G:\My Drive\רון - ניירת אישית\נושאים שונים\ייבוא נתונים\FromTablet\2015-12-03 1352__20151203_1352.gpx,C:\Users\yairr\GPX_files\2015-12-03 1352__20151203_1352.gpx,הועבר,
G:\My Drive\רון - ניירת אישית\חופשות-טיסות\DOC-20260422-WA0022.gpx,C:\Users\yairr\GPX_files\DOC-20260422-WA0022.gpx,הועבר,
G:\My Drive\רון - ניירת אישית\חופשות-טיסות\ארכיון\חופשות 2023\נפאל הימליה 10-23\מסלולים בנפאל\old basis\3Poon Hill Trek Ghorepani Doerali to Tadapani.gpx,C:\Users\yairr\GPX_files\3Poon Hill Trek Ghorepani Doerali to Tadapani.gpx,הועבר,
G:\My Drive\רון - ניירת אישית\חופשות-טיסות\ארכיון\חופשות 2023\נפאל הימליה 10-23\מסלולים בנפאל\old basis\1Poon Hill Trek Tikhedunga to Ghorepani Doerali.gpx,C:\Users\yairr\GPX_files\1Poon Hill Trek Tikhedunga to Ghorepani Doerali.gpx,הועבר,
G:\My Drive\רון - ניירת אישית\חופשות-טיסות\ארכיון\חופשות 2023\נפאל הימליה 10-23\מסלולים בנפאל\מסלולים לפי ימים מסעות בתבונה בהימליה\Tikhedunga to ladruk.gpx,C:\Users\yairr\GPX_files\Tikhedunga to ladruk.gpx,הועבר,
G:\My Drive\רון - ניירת אישית\חופשות-טיסות\ארכיון\חופשות 2023\נפאל הימליה 10-23\מסלולים בנפאל\מסלולים לפי ימים מסעות בתבונה בהימליה\New folder\4-2benthanti to chuile.gpx,C:\Users\yairr\GPX_files\4-2benthanti to chuile.gpx,הועבר,
G:\My Drive\רון - ניירת אישית\חופשות-טיסות\ארכיון\חופשות 2023\נפאל הימליה 10-23\מסלולים בנפאל\מסלולים לפי ימים מסעות בתבונה בהימליה\New folder\6Ghandruk to Jhinu Danda.gpx,C:\Users\yairr\GPX_files\6Ghandruk to Jhinu Danda.gpx,הועבר,
G:\My Drive\רון - ניירת אישית\חופשות-טיסות\ארכיון\חופשות 2023\נפאל הימליה 10-23\מסלולים בנפאל\מסלולים לפי ימים מסעות בתבונה בהימליה\New folder\7-1jhinu-danda-landruk.gpx,C:\Users\yairr\GPX_files\7-1jhinu-danda-landruk.gpx,הועבר,
G:\My Drive\רון - ניירת אישית\חופשות-טיסות\ארכיון\חופשות 2023\נפאל הימליה 10-23\מסלולים בנפאל\מסלולים לפי ימים מסעות בתבונה בהימליה\גירסאות מוקדמות\4doerali to chuile.gpx,C:\Users\yairr\GPX_files\4doerali to chuile.gpx,הועבר,
G:\My Drive\רון - ניירת אישית\חופשות-טיסות\ארכיון\חופשות 2023\נפאל הימליה 10-23\מסלולים בנפאל\מסלולים לפי ימים מסעות בתבונה בהימליה\גירסאות מוקדמות\3-1Ghorepani Poon Hill Ghorepani Doeralii.gpx,C:\Users\yairr\GPX_files\3-1Ghorepani Poon Hill Ghorepani Doeralii.gpx,הועבר,
G:\My Drive\רון - ניירת אישית\חופשות-טיסות\ארכיון\חופשות 2023\נפאל הימליה 10-23\מסלולים בנפאל\מסלולים לפי ימים מסעות בתבונה בהימליה\גירסאות מוקדמות\3Ghorepani Poon Hill Ghorepani Doeralii.gpx,C:\Users\yairr\GPX_files\3Ghorepani Poon Hill Ghorepani Doeralii.gpx,הועבר,
G:\My Drive\רון - ניירת אישית\חופשות-טיסות\מסלולי טיול\מסלול הר יזרח נוה זוהר.gpx,C:\Users\yairr\GPX_files\מסלול הר יזרח נוה זוהר.gpx,הועבר,
G:\My Drive\רון - ניירת אישית\חופשות-טיסות\מסלולי טיול\הילה עבדון נחל כזיב ביצוע.gpx,C:\Users\yairr\GPX_files\הילה עבדון נחל כזיב ביצוע.gpx,הועבר,
G:\My Drive\רון - ניירת אישית\חופשות-טיסות\מסלולי טיול\נחל גילבון.gpx,C:\Users\yairr\GPX_files\נחל גילבון.gpx,הועבר,
G:\My Drive\רון - ניירת אישית\חופשות-טיסות\מסלולי טיול\געתון גבעת העץ יחיעם געתון.gpx,C:\Users\yairr\GPX_files\געתון גבעת העץ יחיעם געתון.gpx,הועבר,
G:\My Drive\רון - ניירת אישית\חופשות-טיסות\מסלולי טיול\‎⁨האיש שבקיר ומערת המקדש - אתר נָאקֶבּ 1⁩.gpx,C:\Users\yairr\GPX_files\‎⁨האיש שבקיר ומערת המקדש - אתר נָאקֶבּ 1⁩.gpx,הועבר,
G:\My Drive\רון - ניירת אישית\חופשות-טיסות\מסלולי טיול\‎⁨האיש שבקיר ומערת המקדש - אתר נָאקֶבּ 1⁩ (1).gpx,C:\Users\yairr\GPX_files\כפילויות\‎⁨האיש שבקיר ומערת המקדש - אתר נָאקֶבּ 1⁩ (1).gpx,כפילות (הועבר לתיקיית כפילויות),זהה בתוכן ל: G:\My Drive\רון - ניירת אישית\חופשות-טיסות\מסלולי טיול\‎⁨האיש שבקיר ומערת המקדש - אתר נָאקֶבּ 1⁩.gpx
G:\My Drive\רון - ניירת אישית\חופשות-טיסות\מסלולי טיול\maagar_bental_ein_zivan_loop_refined.gpx,C:\Users\yairr\GPX_files\maagar_bental_ein_zivan_loop_refined.gpx,הועבר,
G:\My Drive\רון - ניירת אישית\חופשות-טיסות\מסלולי טיול\2026-01-28_07-56-11_hk_1769579771.gpx,C:\Users\yairr\GPX_files\2026-01-28_07-56-11_hk_1769579771.gpx,הועבר,
G:\My Drive\רון - ניירת אישית\חופשות-טיסות\מסלולי טיול\מאגר בנטל עין זיוון.gpx,C:\Users\yairr\GPX_files\כפילויות\מאגר בנטל עין זיוון.gpx,כפילות (הועבר לתיקיית כפילויות),זהה בתוכן ל: G:\My Drive\רון - ניירת אישית\חופשות-טיסות\מסלולי טיול\2026-01-28_07-56-11_hk_1769579771.gpx
G:\My Drive\רון - ניירת אישית\חופשות-טיסות\מסלולי טיול\הילה- עין טמיר- עין חרדלית- כזיב רגלי.gpx,C:\Users\yairr\GPX_files\הילה- עין טמיר- עין חרדלית- כזיב רגלי.gpx,הועבר,
G:\My Drive\רון - ניירת אישית\חופשות-טיסות\טיולי שביל ישראל\2025-04-26_08-30-11_hk_1745645411.gpx,C:\Users\yairr\GPX_files\2025-04-26_08-30-11_hk_1745645411.gpx,הועבר,
G:\My Drive\רון - ניירת אישית\חופשות-טיסות\טיולי שביל ישראל\2025-04-25_08-02-24_hk_1745557344.gpx,C:\Users\yairr\GPX_files\2025-04-25_08-02-24_hk_1745557344.gpx,הועבר,
G:\My Drive\רון - ניירת אישית\חופשות-טיסות\טיולי שביל ישראל\שביל ישראל מקטע 1.gpx,C:\Users\yairr\GPX_files\שביל ישראל מקטע 1.gpx,הועבר,
G:\My Drive\רון - ניירת אישית\חופשות-טיסות\טיולי שביל ישראל\הקלטה צבעון חורפיש 2025-04-12 04_24_44.gpx,C:\Users\yairr\GPX_files\הקלטה צבעון חורפיש 2025-04-12 04_24_44.gpx,הועבר,
G:\My Drive\רון - ניירת אישית\חופשות-טיסות\טיולי שביל ישראל\Israel National Trail-24-05-26.gpx,C:\Users\yairr\GPX_files\Israel National Trail-24-05-26.gpx,הועבר,
G:\My Drive\רון - ניירת אישית\חופשות-טיסות\טיולי שביל ישראל\שביל_ישראל - מקטע 24 - צובה סטף עין כרם.gpx,C:\Users\yairr\GPX_files\שביל_ישראל - מקטע 24 - צובה סטף עין כרם.gpx,הועבר,
G:\My Drive\רון - ניירת אישית\חופשות-טיסות\טיולי שביל ישראל\2025-05-15_09-21-31_hk_1747290091.gpx,C:\Users\yairr\GPX_files\2025-05-15_09-21-31_hk_1747290091.gpx,הועבר,
G:\My Drive\רון - ניירת אישית\חופשות-טיסות\טיולי שביל ישראל\נקיקי יפתח מצודת כוח קרן נפתלי.gpx,C:\Users\yairr\GPX_files\נקיקי יפתח מצודת כוח קרן נפתלי.gpx,הועבר,
G:\My Drive\רון - ניירת אישית\חופשות-טיסות\טיולי שביל ישראל\הקלטות שביל ישראל\חרבת חממה - חניון הפיתול ניר.gpx,C:\Users\yairr\GPX_files\חרבת חממה - חניון הפיתול ניר.gpx,הועבר,
G:\My Drive\רון - ניירת אישית\חופשות-טיסות\טיולי שביל ישראל\הקלטות שביל ישראל\הקלטה\בית חנניה לנחל תנינים.gpx,C:\Users\yairr\GPX_files\בית חנניה לנחל תנינים.gpx,הועבר,
G:\My Drive\רון - ניירת אישית\חופשות-טיסות\טיולי שביל ישראל\הקלטות שביל ישראל\הקלטה\הקלטה חירבת חממה -חניון העיקול מירון.gpx.gpx,C:\Users\yairr\GPX_files\הקלטה חירבת חממה -חניון העיקול מירון.gpx.gpx,הועבר,
G:\My Drive\רון - ניירת אישית\חופשות-טיסות\טיולי שביל ישראל\הקלטות שביל ישראל\הקלטה\חירבת רקית הר שוקף עוספיא.gpx,C:\Users\yairr\GPX_files\חירבת רקית הר שוקף עוספיא.gpx,הועבר,
G:\My Drive\רון - ניירת אישית\חופשות-טיסות\טיולי שביל ישראל\הקלטות שביל ישראל\הקלטה\2025-10-17_הקלטה חניון הפיתול שמורת נחל עמוד.gpx,C:\Users\yairr\GPX_files\2025-10-17_הקלטה חניון הפיתול שמורת נחל עמוד.gpx,הועבר,
G:\My Drive\רון - ניירת אישית\חופשות-טיסות\טיולי שביל ישראל\הקלטות שביל ישראל\הקלטה\עתידים - פרק אפק מקורות הירקון.gpx,C:\Users\yairr\GPX_files\עתידים - פרק אפק מקורות הירקון.gpx,הועבר,
G:\My Drive\רון - ניירת אישית\חופשות-טיסות\טיולי שביל ישראל\הקלטות שביל ישראל\הקלטה\שביל ישראל צבעון_ח_חממה_מורן_חורפיש.gpx,C:\Users\yairr\GPX_files\שביל ישראל צבעון_ח_חממה_מורן_חורפיש.gpx,הועבר,
G:\My Drive\רון - ניירת אישית\חופשות-טיסות\טיולי שביל ישראל\הקלטות שביל ישראל\הקלטה\שביל_ישראל - מקטע 24 - צובה סטף עין כרם.gpx,C:\Users\yairr\GPX_files\כפילויות\שביל_ישראל - מקטע 24 - צובה סטף עין כרם.gpx,כפילות (הועבר לתיקיית כפילויות),זהה בתוכן ל: G:\My Drive\רון - ניירת אישית\חופשות-טיסות\טיולי שביל ישראל\שביל_ישראל - מקטע 24 - צובה סטף עין כרם.gpx
G:\My Drive\רון - ניירת אישית\חופשות-טיסות\טיולי שביל ישראל\הקלטות שביל ישראל\הקלטה\2025-05-03_חרבת חממה שביל הפסגה חניון הפיתול.gpx,C:\Users\yairr\GPX_files\2025-05-03_חרבת חממה שביל הפסגה חניון הפיתול.gpx,הועבר,
G:\My Drive\רון - ניירת אישית\חופשות-טיסות\טיולי שביל ישראל\הקלטות שביל ישראל\הקלטה\2025-10-25 עין הוד מצפה עופר.gpx,C:\Users\yairr\GPX_files\2025-10-25 עין הוד מצפה עופר.gpx,הועבר,
G:\My Drive\רון - ניירת אישית\חופשות-טיסות\טיולי שביל ישראל\הקלטות שביל ישראל\תכנון\תכ_חורבת רקית חניון נחל אורן תחתון.gpx,C:\Users\yairr\GPX_files\תכ_חורבת רקית חניון נחל אורן תחתון.gpx,הועבר,
G:\My Drive\רון - ניירת אישית\חופשות-טיסות\טיולי שביל ישראל\הקלטות שביל ישראל\תכנון\חרבת חממה - חניון הפיתול ניר.gpx,C:\Users\yairr\GPX_files\כפילויות\חרבת חממה - חניון הפיתול ניר.gpx,כפילות (הועבר לתיקיית כפילויות),זהה בתוכן ל: G:\My Drive\רון - ניירת אישית\חופשות-טיסות\טיולי שביל ישראל\הקלטות שביל ישראל\חרבת חממה - חניון הפיתול ניר.gpx
G:\My Drive\רון - ניירת אישית\חופשות-טיסות\טיולי שביל ישראל\הקלטות שביל ישראל\תכנון\חממה פיתול מניר.gpx,C:\Users\yairr\GPX_files\חממה פיתול מניר.gpx,הועבר,
G:\My Drive\רון - ניירת אישית\חופשות-טיסות\טיולי שביל ישראל\הקלטות שביל ישראל\תכנון\תכנון ניר  חניון עיקול חניון עמוד.gpx,C:\Users\yairr\GPX_files\תכנון ניר  חניון עיקול חניון עמוד.gpx,הועבר,
G:\My Drive\רון - ניירת אישית\חופשות-טיסות\טיולי שביל ישראל\הקלטות שביל ישראל\תכנון\עין הוד יער עופר שביל ישראל.gpx,C:\Users\yairr\GPX_files\עין הוד יער עופר שביל ישראל.gpx,הועבר,
G:\My Drive\רון - ניירת אישית\חופשות-טיסות\טיולי שביל ישראל\הקלטות שביל ישראל\תכנון\תכנון שביל הפסגה חרבת חממה נחל נריה.gpx,C:\Users\yairr\GPX_files\תכנון שביל הפסגה חרבת חממה נחל נריה.gpx,הועבר,
G:\My Drive\רון - ניירת אישית\חופשות-טיסות\טיולי שביל ישראל\מקטעי שביל ישראל gpx\מקטע דרומי חדש\שביל_ישראל החדש - מקטע 1 - אתר השטח.gpx,C:\Users\yairr\GPX_files\שביל_ישראל החדש - מקטע 1 - אתר השטח.gpx,הועבר,
G:\My Drive\רון - ניירת אישית\חופשות-טיסות\טיולי שביל ישראל\מקטעי שביל ישראל gpx\מקטע מרכזי\שביל_ישראל - מקטע 16_בית חנניה - קיסריה.gpx,C:\Users\yairr\GPX_files\שביל_ישראל - מקטע 16_בית חנניה - קיסריה.gpx,הועבר,
G:\My Drive\רון - ניירת אישית\חופשות-טיסות\טיולי שביל ישראל\מקטעי שביל ישראל gpx\מקטע מרכזי\שביל_ישראל - מקטע 15 -.gpx,C:\Users\yairr\GPX_files\כפילויות\שביל_ישראל - מקטע 15 -.gpx,כפילות (הועבר לתיקיית כפילויות),זהה בתוכן ל: G:\My Drive\רון - ניירת אישית\חופשות-טיסות\טיולי שביל ישראל\הקלטות שביל ישראל\הקלטה\בית חנניה לנחל תנינים.gpx
G:\My Drive\רון - ניירת אישית\חופשות-טיסות\טיולי שביל ישראל\מקטעי שביל ישראל gpx\מקטע מרכזי\תכנון_בית-חנניה-קיסריה.gpx,C:\Users\yairr\GPX_files\תכנון_בית-חנניה-קיסריה.gpx,הועבר,
G:\My Drive\רון - ניירת אישית\חופשות-טיסות\טיולי שביל ישראל\מקטעי שביל ישראל gpx\מקטע צפוני 15 קטעים\‎⁨שביל_ישראל-צפון_1⁩.gpx,C:\Users\yairr\GPX_files\‎⁨שביל_ישראל-צפון_1⁩.gpx,הועבר,
G:\My Drive\רון - ניירת אישית\חופשות-טיסות\טיולי שביל ישראל\מקטעי שביל ישראל gpx\מקטע צפוני 15 קטעים\‎⁨שביל_ישראלמקטע1-אתרהשטח⁩.gpx,C:\Users\yairr\GPX_files\‎⁨שביל_ישראלמקטע1-אתרהשטח⁩.gpx,הועבר,
G:\My Drive\רון - ניירת אישית\חופשות-טיסות\חופשות 2024\נפאל\נפאל הימליה 10-23\מסלולי אימון\יגור מעגלי.gpx,C:\Users\yairr\GPX_files\יגור מעגלי.gpx,הועבר,
G:\My Drive\רון - ניירת אישית\חופשות-טיסות\חופשות 2024\נפאל\נפאל הימליה 10-23\מסלולי אימון\תבור מעגלי.gpx,C:\Users\yairr\GPX_files\תבור מעגלי.gpx,הועבר,
G:\My Drive\רון - ניירת אישית\חופשות-טיסות\חופשות 2024\נפאל\נפאל הימליה 10-23\מסלולי אימון\רכס רמים ירידה ברכבל.gpx,C:\Users\yairr\GPX_files\רכס רמים ירידה ברכבל.gpx,הועבר,
G:\My Drive\רון - ניירת אישית\חופשות-טיסות\חופשות 2024\נפאל\נפאל הימליה 10-23\מסלולי אימון\יגור שביל הדרוזים דרך היערן.gpx,C:\Users\yairr\GPX_files\יגור שביל הדרוזים דרך היערן.gpx,הועבר,
G:\My Drive\רון - ניירת אישית\חופשות-טיסות\חופשות 2024\נפאל\נפאל הימליה 10-23\מסלולי אימון\יורדים בנחל שכוי אל נחל עמוד - צפת.gpx,C:\Users\yairr\GPX_files\יורדים בנחל שכוי אל נחל עמוד - צפת.gpx,הועבר,
G:\My Drive\רון - ניירת אישית\חופשות-טיסות\חופשות 2024\נפאל\נפאל הימליה 10-23\מסלולי אימון\מרות-קציון שדה אליעזר.gpx,C:\Users\yairr\GPX_files\מרות-קציון שדה אליעזר.gpx,הועבר,
G:\My Drive\רון - ניירת אישית\חופשות-טיסות\חופשות 2024\נפאל\נפאל הימליה 10-23\מסלולי אימון\הר אדיר נחל פער.gpx,C:\Users\yairr\GPX_files\הר אדיר נחל פער.gpx,הועבר,
G:\My Drive\רון - ניירת אישית\חופשות-טיסות\חופשות 2024\נפאל\נפאל הימליה 10-23\מסלולי אימון\מסביב להר שפנים - בית גאן.gpx,C:\Users\yairr\GPX_files\מסביב להר שפנים - בית גאן.gpx,הועבר,
G:\My Drive\רון - ניירת אישית\חופשות-טיסות\חופשות 2024\נפאל\נפאל הימליה 10-23\מסלולי אימון\מסביב להררית.gpx,C:\Users\yairr\GPX_files\מסביב להררית.gpx,הועבר,
G:\My Drive\רון - ניירת אישית\חופשות-טיסות\חופשות 2024\נפאל\נפאל הימליה 10-23\מסלולי אימון\נחל נמר אדמית.gpx,C:\Users\yairr\GPX_files\נחל נמר אדמית.gpx,הועבר,
G:\My Drive\רון - ניירת אישית\חופשות-טיסות\חופשות 2024\נפאל\נפאל הימליה 10-23\מסלולי אימון\געתון גבעת העץ1.gpx,C:\Users\yairr\GPX_files\געתון גבעת העץ1.gpx,הועבר,
G:\My Drive\רון - ניירת אישית\חופשות-טיסות\חופשות 2024\נפאל\נפאל הימליה 10-23\מסלולי אימון\הילה כזיב הילה2.gpx,C:\Users\yairr\GPX_files\הילה כזיב הילה2.gpx,הועבר,
G:\My Drive\רון - ניירת אישית\חופשות-טיסות\חופשות 2024\נפאל\נפאל הימליה 10-23\מסלולי אימון\סובב מירון 11-440-.gpx,C:\Users\yairr\GPX_files\סובב מירון 11-440-.gpx,הועבר,
G:\My Drive\רון - ניירת אישית\חופשות-טיסות\חופשות 2024\נפאל\נפאל הימליה 10-23\מסלולי אימון\געתון הר בטח געתון.gpx,C:\Users\yairr\GPX_files\געתון הר בטח געתון.gpx,הועבר,
G:\My Drive\רון - ניירת אישית\חופשות-טיסות\חופשות 2024\נפאל\נפאל הימליה 10-23\מסלולי אימון\געתון הר בטח געתון 2.gpx,C:\Users\yairr\GPX_files\געתון הר בטח געתון 2.gpx,הועבר,
G:\My Drive\רון - ניירת אישית\חופשות-טיסות\חופשות 2024\נפאל\נפאל הימליה 10-23\מסלולי אימון\געתון -עין מירב- עין אשחר - נחל געתון- עין יעקב 180-8.gpx,C:\Users\yairr\GPX_files\געתון -עין מירב- עין אשחר - נחל געתון- עין יעקב 180-8.gpx,הועבר,
G:\My Drive\רון - ניירת אישית\חופשות-טיסות\חופשות 2024\נפאל\נפאל הימליה 10-23\מסלולי אימון\2023-09-04מצובה .gpx,C:\Users\yairr\GPX_files\2023-09-04מצובה .gpx,הועבר,
G:\My Drive\רון - ניירת אישית\חופשות-טיסות\חופשות 2024\נפאל\נפאל הימליה 10-23\מסלולי אימון\טיול מדרגות חיפה בעליה.gpx,C:\Users\yairr\GPX_files\טיול מדרגות חיפה בעליה.gpx,הועבר,
G:\My Drive\רון - ניירת אישית\חופשות-טיסות\חופשות 2024\נפאל\נפאל הימליה 10-23\מסלולי אימון\טיול מדרגות בעליה 2.gpx,C:\Users\yairr\GPX_files\טיול מדרגות בעליה 2.gpx,הועבר,
G:\My Drive\רון - ניירת אישית\חופשות-טיסות\חופשות 2024\נפאל\נפאל הימליה 10-23\מסלולי אימון\טיול מדרגות חיפה בירידה.gpx,C:\Users\yairr\GPX_files\טיול מדרגות חיפה בירידה.gpx,הועבר,
G:\My Drive\רון - ניירת אישית\חופשות-טיסות\חופשות 2024\נפאל\נפאל הימליה 10-23\מסלולי אימון\טיול מדרגות בחיפה הקלטה  2023-09-10 .gpx,C:\Users\yairr\GPX_files\טיול מדרגות בחיפה הקלטה  2023-09-10 .gpx,הועבר,
G:\My Drive\רון - ניירת אישית\חופשות-טיסות\חופשות 2024\נפאל\נפאל הימליה 10-23\מסלולי אימון\נחל שיח חיפה.gpx,C:\Users\yairr\GPX_files\נחל שיח חיפה.gpx,הועבר,
G:\My Drive\רון - ניירת אישית\חופשות-טיסות\חופשות 2024\נפאל\נפאל הימליה 10-23\מסלולים בנפאל\old basis\4Poon Hill Trek Tadapani to Ghandruk.gpx,C:\Users\yairr\GPX_files\4Poon Hill Trek Tadapani to Ghandruk.gpx,הועבר,
G:\My Drive\רון - ניירת אישית\חופשות-טיסות\חופשות 2024\נפאל\נפאל הימליה 10-23\מסלולים בנפאל\מסלולים לפי ימים מסעות בתבונה בהימליה\גירסאות מוקדמות\7jhinu-danda-landruk.gpx,C:\Users\yairr\GPX_files\7jhinu-danda-landruk.gpx,הועבר,
G:\My Drive\רון - ניירת אישית\חופשות-טיסות\חופשות 2024\נפאל\נפאל הימליה 10-23\מסלולים בנפאל\מסלולים לפי ימים מסעות בתבונה בהימליה\גירסאות מוקדמות\4-1doerali to chuile.gpx,C:\Users\yairr\GPX_files\4-1doerali to chuile.gpx,הועבר,
G:\My Drive\רון - ניירת אישית\חופשות-טיסות\חופשות 2024\נפאל\נפאל הימליה 10-23\מסלולים בנפאל\מסלולים לפי ימים מסעות בתבונה בהימליה\גירסאות מוקדמות\3-2Ghorepani Poon Hill Ghorepani Doeralii(1).gpx,C:\Users\yairr\GPX_files\3-2Ghorepani Poon Hill Ghorepani Doeralii(1).gpx,הועבר,
G:\My Drive\רון - ניירת אישית\חופשות-טיסות\חופשות 2024\נפאל\נפאל הימליה 10-23\מסלולים בנפאל\מסלולים לפי ימים מסעות בתבונה בהימליה\גירסאות מוקדמות\טראק מסעות בתבונה 2023-10.gpx,C:\Users\yairr\GPX_files\טראק מסעות בתבונה 2023-10.gpx,הועבר,
G:\My Drive\רון - ניירת אישית\חופשות-טיסות\חופשות 2024\נפאל\נפאל הימליה 10-23\מסלולים בנפאל\מסלולים לפי ימים מסעות בתבונה בהימליה\New folder\3-3Ghorepani Poon Hill Ghorepani Dureli Ben Thanti.gpx,C:\Users\yairr\GPX_files\3-3Ghorepani Poon Hill Ghorepani Dureli Ben Thanti.gpx,הועבר,
G:\My Drive\רון - ניירת אישית\חופשות-טיסות\חופשות 2024\נפאל\נפאל הימליה 10-23\מסלולים בנפאל\מסלולים לפי ימים מסעות בתבונה בהימליה\New folder\1Tikhedunga to Ulleri.gpx,C:\Users\yairr\GPX_files\1Tikhedunga to Ulleri.gpx,הועבר,
G:\My Drive\רון - ניירת אישית\חופשות-טיסות\חופשות 2024\נפאל\נפאל הימליה 10-23\מסלולים בנפאל\מסלולים לפי ימים מסעות בתבונה בהימליה\New folder\2Ulleri to Ghorepani.gpx,C:\Users\yairr\GPX_files\2Ulleri to Ghorepani.gpx,הועבר,
G:\My Drive\רון - ניירת אישית\חופשות-טיסות\חופשות 2024\נפאל\נפאל הימליה 10-23\מסלולים בנפאל\מסלולים לפי ימים מסעות בתבונה בהימליה\New folder\5chuile to ghandruk.gpx,C:\Users\yairr\GPX_files\5chuile to ghandruk.gpx,הועבר,
G:\My Drive\רון - ניירת אישית\חופשות-טיסות\חופשות 2024\בודפסט 11-2024\מסלולים רגילים\רכבל הכסאות ירידה רגלית.gpx,C:\Users\yairr\GPX_files\רכבל הכסאות ירידה רגלית.gpx,הועבר,
G:\My Drive\רון - ניירת אישית\חופשות-טיסות\חופשות 2024\בודפסט 11-2024\מסלולים רגילים\טיול 20 קמ.gpx,C:\Users\yairr\GPX_files\טיול 20 קמ.gpx,הועבר,
G:\My Drive\רון - ניירת אישית\חופשות-טיסות\טיולים רכיבות בחול\מסלולי הליכה\תכנון מסלולי הליכה שאמוני צרפת\מסלולי טיול GPX\t237270255_argentiereaiguilles des.gpx,C:\Users\yairr\GPX_files\t237270255_argentiereaiguilles des.gpx,הועבר,
G:\My Drive\רון - ניירת אישית\חופשות-טיסות\טיולים רכיבות בחול\מסלולי הליכה\תכנון מסלולי הליכה שאמוני צרפת\מסלולי טיול GPX\2024-09-14_1859116312_GPX Download_ Le Petit Balcon Nord - Chamonix-Mont-Blanc - Trail - Loop.gpx,C:\Users\yairr\GPX_files\2024-09-14_1859116312_GPX Download_ Le Petit Balcon Nord - Chamonix-Mont-Blanc - Trail - Loop.gpx,הועבר,
G:\My Drive\רון - ניירת אישית\חופשות-טיסות\טיולים רכיבות בחול\רכיבה דנובה\Danube_Cycle_Path_-_The_Black_Forest_to_the_Black_Sea.gpx,C:\Users\yairr\GPX_files\Danube_Cycle_Path_-_The_Black_Forest_to_the_Black_Sea.gpx,הועבר,
G:\My Drive\רון - ניירת אישית\חופשות-טיסות\טיולים רכיבות בחול\רכיבה דנובה\Vienna_to_Budapest.gpx,C:\Users\yairr\GPX_files\Vienna_to_Budapest.gpx,הועבר,
G:\My Drive\רון - ניירת אישית\חופשות-טיסות\טיולים רכיבות בחול\רכיבה דנובה\מפות GPX\1-Viena-Bratislava.gpx,C:\Users\yairr\GPX_files\1-Viena-Bratislava.gpx,הועבר,
G:\My Drive\רון - ניירת אישית\חופשות-טיסות\טיולים רכיבות בחול\רכיבה דנובה\מפות GPX\2-bratislava-gyor.gpx,C:\Users\yairr\GPX_files\2-bratislava-gyor.gpx,הועבר,
G:\My Drive\רון - ניירת אישית\חופשות-טיסות\טיולים רכיבות בחול\רכיבה דנובה\מפות GPX\3-gyor.gpx,C:\Users\yairr\GPX_files\3-gyor.gpx,הועבר,
G:\My Drive\רון - ניירת אישית\חופשות-טיסות\טיולים רכיבות בחול\רכיבה דנובה\מפות GPX\4-budapest.gpx,C:\Users\yairr\GPX_files\4-budapest.gpx,הועבר,
G:\My Drive\רון - ניירת אישית\חופשות-טיסות\טיולים רכיבות בחול\רכיבה דנובה\מפות GPX\21-Viena-Bratislava.gpx,C:\Users\yairr\GPX_files\כפילויות\21-Viena-Bratislava.gpx,כפילות (הועבר לתיקיית כפילויות),זהה בתוכן ל: G:\My Drive\רון - ניירת אישית\חופשות-טיסות\טיולים רכיבות בחול\רכיבה דנובה\מפות GPX\1-Viena-Bratislava.gpx
G:\My Drive\רון - ניירת אישית\חופשות-טיסות\טיולים רכיבות בחול\רכיבה דנובה\מפות GPX\22-bratislava-Gyor.gpx,C:\Users\yairr\GPX_files\כפילויות\22-bratislava-Gyor.gpx,כפילות (הועבר לתיקיית כפילויות),זהה בתוכן ל: G:\My Drive\רון - ניירת אישית\חופשות-טיסות\טיולים רכיבות בחול\רכיבה דנובה\מפות GPX\2-bratislava-gyor.gpx
G:\My Drive\רון - ניירת אישית\חופשות-טיסות\טיולים רכיבות בחול\רכיבה דנובה\מפות GPX\23-gyor-Ezstergom.gpx,C:\Users\yairr\GPX_files\כפילויות\23-gyor-Ezstergom.gpx,כפילות (הועבר לתיקיית כפילויות),זהה בתוכן ל: G:\My Drive\רון - ניירת אישית\חופשות-טיסות\טיולים רכיבות בחול\רכיבה דנובה\מפות GPX\3-gyor.gpx
G:\My Drive\רון - ניירת אישית\חופשות-טיסות\טיולים רכיבות בחול\רכיבה דנובה\מפות GPX\24-Ezstergom-Budapest.gpx,C:\Users\yairr\GPX_files\כפילויות\24-Ezstergom-Budapest.gpx,כפילות (הועבר לתיקיית כפילויות),זהה בתוכן ל: G:\My Drive\רון - ניירת אישית\חופשות-טיסות\טיולים רכיבות בחול\רכיבה דנובה\מפות GPX\4-budapest.gpx
G:\My Drive\רון - ניירת אישית\חופשות-טיסות\חופשות 2025\ליידן הולנד 2025-08-31\Leiden_bikeTour_444.gpx,C:\Users\yairr\GPX_files\Leiden_bikeTour_444.gpx,הועבר,
G:\My Drive\רון - ניירת אישית\חופשות-טיסות\מסלולי אופניים\maanitkkl1-2025-01-17_063500.gpx,C:\Users\yairr\GPX_files\maanitkkl1-2025-01-17_063500.gpx,הועבר,
G:\My Drive\רון - ניירת אישית\חופשות-טיסות\מסלולי אופניים\Gaaton shomrat.gpx,C:\Users\yairr\GPX_files\Gaaton shomrat.gpx,הועבר,
G:\My Drive\רון - ניירת אישית\חופשות-טיסות\מסלולי אופניים\להבות הבשן.gpx,C:\Users\yairr\GPX_files\להבות הבשן.gpx,הועבר,
G:\My Drive\רון - ניירת אישית\חופשות-טיסות\מסלולי אופניים\סובב כרכום כפר הנשיא.gpx,C:\Users\yairr\GPX_files\סובב כרכום כפר הנשיא.gpx,הועבר,
G:\My Drive\רון - ניירת אישית\חופשות-טיסות\מסלולי אופניים\שביל הבשור.gpx,C:\Users\yairr\GPX_files\שביל הבשור.gpx,הועבר,
G:\My Drive\רון - ניירת אישית\חופשות-טיסות\מסלולי אופניים\Singel Kabri.gpx,C:\Users\yairr\GPX_files\Singel Kabri.gpx,הועבר,
G:\My Drive\רון - ניירת אישית\חופשות-טיסות\מסלולי אופניים\טיילת דרום הגולן.gpx,C:\Users\yairr\GPX_files\טיילת דרום הגולן.gpx,הועבר,
G:\My Drive\רון - ניירת אישית\חופשות-טיסות\מסלולי אופניים\טיילת דרום הגולן 1.gpx,C:\Users\yairr\GPX_files\טיילת דרום הגולן 1.gpx,הועבר,
G:\My Drive\רון - ניירת אישית\חופשות-טיסות\מסלולי אופניים\סובב טבעון .gpx,C:\Users\yairr\GPX_files\סובב טבעון .gpx,הועבר,
G:\My Drive\רון - ניירת אישית\חופשות-טיסות\מסלולי אופניים\kabri (1).gpx,C:\Users\yairr\GPX_files\kabri (1).gpx,הועבר,
G:\My Drive\רון - ניירת אישית\חופשות-טיסות\מסלולי אופניים\kabri.gpx,C:\Users\yairr\GPX_files\כפילויות\kabri.gpx,כפילות (הועבר לתיקיית כפילויות),זהה בתוכן ל: G:\My Drive\רון - ניירת אישית\חופשות-טיסות\מסלולי אופניים\kabri (1).gpx
G:\My Drive\רון - ניירת אישית\חופשות-טיסות\מסלולי אופניים\בארי משפחות כתום.GPX,C:\Users\yairr\GPX_files\בארי משפחות כתום.GPX,הועבר,
G:\My Drive\רון - ניירת אישית\חופשות-טיסות\מסלולי אופניים\בארי משפחות כחול.GPX,C:\Users\yairr\GPX_files\בארי משפחות כחול.GPX,הועבר,
G:\My Drive\רון - ניירת אישית\חופשות-טיסות\מסלולי אופניים\מונה סובב מירון חדש.gpx,C:\Users\yairr\GPX_files\מונה סובב מירון חדש.gpx,הועבר,
G:\My Drive\רון - ניירת אישית\חופשות-טיסות\מסלולי אופניים\מונה כברי שבי ציון שיירה.gpx,C:\Users\yairr\GPX_files\מונה כברי שבי ציון שיירה.gpx,הועבר,
G:\My Drive\רון - ניירת אישית\חופשות-טיסות\מסלולי אופניים\יער הדובים השיירה סינגל בני.gpx,C:\Users\yairr\GPX_files\יער הדובים השיירה סינגל בני.gpx,הועבר,
G:\My Drive\רון - ניירת אישית\חופשות-טיסות\מסלולי אופניים\מ182 סובב מירון חדש.gpx,C:\Users\yairr\GPX_files\כפילויות\מ182 סובב מירון חדש.gpx,כפילות (הועבר לתיקיית כפילויות),זהה בתוכן ל: G:\My Drive\רון - ניירת אישית\חופשות-טיסות\מסלולי אופניים\מונה סובב מירון חדש.gpx
G:\My Drive\רון - ניירת אישית\חופשות-טיסות\מסלולי אופניים\נחל כזיב.gpx,C:\Users\yairr\GPX_files\נחל כזיב.gpx,הועבר,
G:\My Drive\רון - ניירת אישית\חופשות-טיסות\מסלולי אופניים\2026-08-09 074647__20260809_0746.gpx,C:\Users\yairr\GPX_files\2026-08-09 074647__20260809_0746.gpx,הועבר,
G:\My Drive\רון - ניירת אישית\חופשות-טיסות\מסלולי אופניים\2026-08-08 062707__20260808_0627.gpx,C:\Users\yairr\GPX_files\2026-08-08 062707__20260808_0627.gpx,הועבר,
G:\My Drive\רון - ניירת אישית\חופשות-טיסות\מסלולי אופניים\2026-08-08_06-26-37_hk_1786159597.gpx,C:\Users\yairr\GPX_files\2026-08-08_06-26-37_hk_1786159597.gpx,הועבר,
G:\My Drive\רון - ניירת אישית\חופשות-טיסות\מסלולי אופניים\2026-07-07_17-15-55_hk_1783433755.gpx,C:\Users\yairr\GPX_files\2026-07-07_17-15-55_hk_1783433755.gpx,הועבר,
G:\My Drive\רון - ניירת אישית\חופשות-טיסות\מסלולי אופניים\מסלולים מגלקסי2026-06-01 20.27.33\2025-05-03_חרבת חממה שביל הפסגה חניון הפיתול.gpx,C:\Users\yairr\GPX_files\כפילויות\2025-05-03_חרבת חממה שביל הפסגה חניון הפיתול.gpx,כפילות (הועבר לתיקיית כפילויות),זהה בתוכן ל: G:\My Drive\רון - ניירת אישית\חופשות-טיסות\טיולי שביל ישראל\הקלטות שביל ישראל\הקלטה\2025-05-03_חרבת חממה שביל הפסגה חניון הפיתול.gpx
G:\My Drive\רון - ניירת אישית\חופשות-טיסות\מסלולי אופניים\מסלולים מגלקסי2026-06-01 20.27.33\2025-10-25 083120__20251025_0831.gpx,C:\Users\yairr\GPX_files\כפילויות\2025-10-25 083120__20251025_0831.gpx,כפילות (הועבר לתיקיית כפילויות),זהה בתוכן ל: G:\My Drive\רון - ניירת אישית\חופשות-טיסות\טיולי שביל ישראל\הקלטות שביל ישראל\הקלטה\2025-10-25 עין הוד מצפה עופר.gpx
G:\My Drive\רון - ניירת אישית\חופשות-טיסות\מסלולי אופניים\מסלולים מגלקסי2026-06-01 20.27.33\2026-05-27 075530__20260527_0755.gpx,C:\Users\yairr\GPX_files\2026-05-27 075530__20260527_0755.gpx,הועבר,
G:\My Drive\רון - ניירת אישית\חופשות-טיסות\מסלולי אופניים\מסלולים מגלקסי2026-06-01 20.27.33\2026-05-30 072357__20260530_0723.gpx,C:\Users\yairr\GPX_files\2026-05-30 072357__20260530_0723.gpx,הועבר,
G:\My Drive\רון - ניירת אישית\חופשות-טיסות\מסלולי אופניים\מסלולים מגלקסי2026-06-01 20.27.33\d754420e-e217-4086-9dc0-15683569d7be_Large.GPX,C:\Users\yairr\GPX_files\כפילויות\d754420e-e217-4086-9dc0-15683569d7be_Large.GPX,כפילות (הועבר לתיקיית כפילויות),זהה בתוכן ל: G:\My Drive\רון - ניירת אישית\חופשות-טיסות\מסלולי אופניים\בארי משפחות כתום.GPX
G:\My Drive\רון - ניירת אישית\חופשות-טיסות\מסלולי אופניים\מסלולים מגלקסי2026-06-01 20.27.33\kabri (1).gpx,C:\Users\yairr\GPX_files\כפילויות\kabri (1).gpx,כפילות (הועבר לתיקיית כפילויות),זהה בתוכן ל: G:\My Drive\רון - ניירת אישית\חופשות-טיסות\מסלולי אופניים\kabri (1).gpx
G:\My Drive\רון - ניירת אישית\חופשות-טיסות\מסלולי אופניים\מסלולים מגלקסי2026-06-01 20.27.33\neve-zohar-neot-hakikar-single.gpx,C:\Users\yairr\GPX_files\neve-zohar-neot-hakikar-single.gpx,הועבר,
G:\My Drive\רון - ניירת אישית\חופשות-טיסות\מסלולי אופניים\מסלולים מגלקסי2026-06-01 20.27.33\אליעד לנטור.gpx,C:\Users\yairr\GPX_files\אליעד לנטור.gpx,הועבר,
G:\My Drive\רון - ניירת אישית\חופשות-טיסות\מסלולי אופניים\מסלולים מגלקסי2026-06-01 20.27.33\בארי משפחות כחול.GPX,C:\Users\yairr\GPX_files\כפילויות\בארי משפחות כחול.GPX,כפילות (הועבר לתיקיית כפילויות),זהה בתוכן ל: G:\My Drive\רון - ניירת אישית\חופשות-טיסות\מסלולי אופניים\בארי משפחות כתום.GPX
G:\My Drive\רון - ניירת אישית\חופשות-טיסות\מסלולי אופניים\מסלולים מגלקסי2026-06-01 20.27.33\בארי משפחות כתום.GPX,C:\Users\yairr\GPX_files\כפילויות\בארי משפחות כתום.GPX,כפילות (הועבר לתיקיית כפילויות),זהה בתוכן ל: G:\My Drive\רון - ניירת אישית\חופשות-טיסות\מסלולי אופניים\בארי משפחות כחול.GPX
G:\My Drive\רון - ניירת אישית\חופשות-טיסות\מסלולי אופניים\מסלולים מגלקסי2026-06-01 20.27.33\בארי שוקדה בשור.gpx,C:\Users\yairr\GPX_files\בארי שוקדה בשור.gpx,הועבר,
G:\My Drive\רון - ניירת אישית\חופשות-טיסות\מסלולי אופניים\מסלולים מגלקסי2026-06-01 20.27.33\בארי שוקדה עם קיצורים.gpx,C:\Users\yairr\GPX_files\בארי שוקדה עם קיצורים.gpx,הועבר,
G:\My Drive\רון - ניירת אישית\חופשות-טיסות\מסלולי אופניים\מסלולים מגלקסי2026-06-01 20.27.33\בארי שוקדה.gpx,C:\Users\yairr\GPX_files\בארי שוקדה.gpx,הועבר,
G:\My Drive\רון - ניירת אישית\חופשות-טיסות\מסלולי אופניים\מסלולים מגלקסי2026-06-01 20.27.33\טיילת דרום הגולן אופניים משפחתי קל 1.gpx,C:\Users\yairr\GPX_files\טיילת דרום הגולן אופניים משפחתי קל 1.gpx,הועבר,
G:\My Drive\רון - ניירת אישית\חופשות-טיסות\מסלולי אופניים\מסלולים מגלקסי2026-06-01 20.27.33\יער הדובים השיירה סינגל בני.gpx,C:\Users\yairr\GPX_files\כפילויות\יער הדובים השיירה סינגל בני.gpx,כפילות (הועבר לתיקיית כפילויות),זהה בתוכן ל: G:\My Drive\רון - ניירת אישית\חופשות-טיסות\מסלולי אופניים\יער הדובים השיירה סינגל בני.gpx
G:\My Drive\רון - ניירת אישית\חופשות-טיסות\מסלולי אופניים\מסלולים מגלקסי2026-06-01 20.27.33\להבות הבשן.gpx,C:\Users\yairr\GPX_files\כפילויות\להבות הבשן.gpx,כפילות (הועבר לתיקיית כפילויות),זהה בתוכן ל: G:\My Drive\רון - ניירת אישית\חופשות-טיסות\מסלולי אופניים\להבות הבשן.gpx
G:\My Drive\רון - ניירת אישית\חופשות-טיסות\מסלולי אופניים\מסלולים מגלקסי2026-06-01 20.27.33\מונה כברי שבי ציון שיירה.gpx,C:\Users\yairr\GPX_files\כפילויות\מונה כברי שבי ציון שיירה.gpx,כפילות (הועבר לתיקיית כפילויות),זהה בתוכן ל: G:\My Drive\רון - ניירת אישית\חופשות-טיסות\מסלולי אופניים\מונה כברי שבי ציון שיירה.gpx
G:\My Drive\רון - ניירת אישית\חופשות-טיסות\מסלולי אופניים\מסלולים מגלקסי2026-06-01 20.27.33\ממאגר בנטל לעין זיוון - שביל הגולן מקטע 5 .gpx,C:\Users\yairr\GPX_files\ממאגר בנטל לעין זיוון - שביל הגולן מקטע 5 .gpx,הועבר,
G:\My Drive\רון - ניירת אישית\חופשות-טיסות\מסלולי אופניים\מסלולים מגלקסי2026-06-01 20.27.33\נחל עמוד עליון חניון שמורת נחל עמוד.gpx,C:\Users\yairr\GPX_files\נחל עמוד עליון חניון שמורת נחל עמוד.gpx,הועבר,
G:\My Drive\רון - ניירת אישית\חופשות-טיסות\מסלולי אופניים\מסלולים מגלקסי2026-06-01 20.27.33\נחל עמוד עליון נחל מירון.gpx,C:\Users\yairr\GPX_files\נחל עמוד עליון נחל מירון.gpx,הועבר,
G:\My Drive\רון - ניירת אישית\חופשות-טיסות\מסלולי אופניים\מסלולים מגלקסי2026-06-01 20.27.33\נקיקי יפתח מצודת כוח קרן נפתלי.gpx,C:\Users\yairr\GPX_files\כפילויות\נקיקי יפתח מצודת כוח קרן נפתלי.gpx,כפילות (הועבר לתיקיית כפילויות),זהה בתוכן ל: G:\My Drive\רון - ניירת אישית\חופשות-טיסות\טיולי שביל ישראל\נקיקי יפתח מצודת כוח קרן נפתלי.gpx
G:\My Drive\רון - ניירת אישית\חופשות-טיסות\מסלולי אופניים\מסלולים מגלקסי2026-06-01 20.27.33\סובב בית הכרם צפון.gpx,C:\Users\yairr\GPX_files\סובב בית הכרם צפון.gpx,הועבר,
G:\My Drive\רון - ניירת אישית\חופשות-טיסות\מסלולי אופניים\מסלולים מגלקסי2026-06-01 20.27.33\סובב טבעון.gpx,C:\Users\yairr\GPX_files\סובב טבעון.gpx,הועבר,
G:\My Drive\רון - ניירת אישית\חופשות-טיסות\מסלולי אופניים\מסלולים מגלקסי2026-06-01 20.27.33\סובב כרכום כפר הנשיא.gpx,C:\Users\yairr\GPX_files\כפילויות\סובב כרכום כפר הנשיא.gpx,כפילות (הועבר לתיקיית כפילויות),זהה בתוכן ל: G:\My Drive\רון - ניירת אישית\חופשות-טיסות\מסלולי אופניים\סובב כרכום כפר הנשיא.gpx
G:\My Drive\רון - ניירת אישית\חופשות-טיסות\מסלולי אופניים\מסלולים מגלקסי2026-06-01 20.27.33\סינגל חמרית מפעלי ים המלח.gpx,C:\Users\yairr\GPX_files\סינגל חמרית מפעלי ים המלח.gpx,הועבר,
G:\My Drive\רון - ניירת אישית\חופשות-טיסות\מסלולי אופניים\מסלולים מגלקסי2026-06-01 20.27.33\סינגל יחיעם 2.GPX,C:\Users\yairr\GPX_files\סינגל יחיעם 2.GPX,הועבר,
G:\My Drive\רון - ניירת אישית\חופשות-טיסות\מסלולי אופניים\מסלולים מגלקסי2026-06-01 20.27.33\סינגל יחיעם המחודש.gpx,C:\Users\yairr\GPX_files\סינגל יחיעם המחודש.gpx,הועבר,
G:\My Drive\רון - ניירת אישית\חופשות-טיסות\מסלולי אופניים\מסלולים מגלקסי2026-06-01 20.27.33\סינגל יחיעם.GPX,C:\Users\yairr\GPX_files\כפילויות\סינגל יחיעם.GPX,כפילות (הועבר לתיקיית כפילויות),זהה בתוכן ל: G:\My Drive\רון - ניירת אישית\חופשות-טיסות\מסלולי אופניים\מסלולים מגלקסי2026-06-01 20.27.33\סינגל יחיעם 2.GPX
G:\My Drive\רון - ניירת אישית\חופשות-טיסות\מסלולי אופניים\מסלולים מגלקסי2026-06-01 20.27.33\סינגל כברי.gpx,C:\Users\yairr\GPX_files\כפילויות\סינגל כברי.gpx,כפילות (הועבר לתיקיית כפילויות),זהה בתוכן ל: G:\My Drive\רון - ניירת אישית\חופשות-טיסות\מסלולי אופניים\kabri (1).gpx
G:\My Drive\רון - ניירת אישית\חופשות-טיסות\מסלולי אופניים\מסלולים מגלקסי2026-06-01 20.27.33\עין הוד יער עופר שביל ישראל.gpx,C:\Users\yairr\GPX_files\כפילויות\עין הוד יער עופר שביל ישראל.gpx,כפילות (הועבר לתיקיית כפילויות),זהה בתוכן ל: G:\My Drive\רון - ניירת אישית\חופשות-טיסות\טיולי שביל ישראל\הקלטות שביל ישראל\תכנון\עין הוד יער עופר שביל ישראל.gpx
G:\My Drive\רון - ניירת אישית\חופשות-טיסות\מסלולי אופניים\מסלולים מגלקסי2026-06-01 20.27.33\תכנון ניר  חניון עיקול חניון עמוד.gpx,C:\Users\yairr\GPX_files\כפילויות\תכנון ניר  חניון עיקול חניון עמוד.gpx,כפילות (הועבר לתיקיית כפילויות),זהה בתוכן ל: G:\My Drive\רון - ניירת אישית\חופשות-טיסות\טיולי שביל ישראל\הקלטות שביל ישראל\תכנון\תכנון ניר  חניון עיקול חניון עמוד.gpx
G:\My Drive\רון - ניירת אישית\חופשות-טיסות\מסלולי אופניים\מסלולים מגלקסי2026-06-01 20.27.33\תכנון שביל הפסגה חרבת חממה נחל נריה.gpx,C:\Users\yairr\GPX_files\כפילויות\תכנון שביל הפסגה חרבת חממה נחל נריה.gpx,כפילות (הועבר לתיקיית כפילויות),זהה בתוכן ל: G:\My Drive\רון - ניירת אישית\חופשות-טיסות\טיולי שביל ישראל\הקלטות שביל ישראל\תכנון\תכנון שביל הפסגה חרבת חממה נחל נריה.gpx
G:\My Drive\רון - ניירת אישית\חופשות-טיסות\מסלולי אופניים\מסלולים מגלקסי2026-06-01 20.27.33\תכנון_בית-חנניה-קיסריה.gpx,C:\Users\yairr\GPX_files\כפילויות\תכנון_בית-חנניה-קיסריה.gpx,כפילות (הועבר לתיקיית כפילויות),זהה בתוכן ל: G:\My Drive\רון - ניירת אישית\חופשות-טיסות\טיולי שביל ישראל\מקטעי שביל ישראל gpx\מקטע מרכזי\תכנון_בית-חנניה-קיסריה.gpx
G:\My Drive\רון - ניירת אישית\חופשות-טיסות\מסלולי אופניים\הקלטות 2026\2026-06-20  כברי ערמשאה שתולה גורן .gpx,C:\Users\yairr\GPX_files\2026-06-20  כברי ערמשאה שתולה גורן .gpx,הועבר,
G:\My Drive\רון - ניירת אישית\חופשות-טיסות\מסלולי אופניים\הקלטות 2026\2026-06-24 געתון_נהריה_ראש-הנקרה_נהריה_געתון.gpx,C:\Users\yairr\GPX_files\2026-06-24 געתון_נהריה_ראש-הנקרה_נהריה_געתון.gpx,הועבר,
G:\My Drive\רון - ניירת אישית\חופשות-טיסות\מסלולי אופניים\הקלטות 2026\2026-06-30 כברי_עבדון_יערב_נוף-חניתה_לימן_נהריה_כברי.gpx,C:\Users\yairr\GPX_files\2026-06-30 כברי_עבדון_יערב_נוף-חניתה_לימן_נהריה_כברי.gpx,הועבר,
G:\My Drive\רון - ניירת אישית\חופשות-טיסות\מסלולי אופניים\הקלטות 2026\2026-07-01 סינגל_יחיעם_עליון.gpx,C:\Users\yairr\GPX_files\2026-07-01 סינגל_יחיעם_עליון.gpx,הועבר,
G:\My Drive\רון - ניירת אישית\חופשות-טיסות\מסלולי אופניים\הקלטות 2026\2026-07-03 סינגל חניתה.gpx,C:\Users\yairr\GPX_files\2026-07-03 סינגל חניתה.gpx,הועבר,
G:\My Drive\רון - ניירת אישית\חופשות-טיסות\מסלולי אופניים\הקלטות 2026\2026-07-04 געתון_חרדלית_מנות_הילה_עין_זיו_חרדלית_געתון.gpx,C:\Users\yairr\GPX_files\2026-07-04 געתון_חרדלית_מנות_הילה_עין_זיו_חרדלית_געתון.gpx,הועבר,
G:\My Drive\רון - ניירת אישית\חופשות-טיסות\מסלולי אופניים\הקלטות 2026\כברי עבדון יערה ערמאשה שומרה גורן הקטן.gpx,C:\Users\yairr\GPX_files\כברי עבדון יערה ערמאשה שומרה גורן הקטן.gpx,הועבר,
G:\My Drive\רון - ניירת אישית\חופשות-טיסות\מסלולי אופניים\הקלטות 2026\2026-06-13 כברי_גורן-הקטן_נוף-חניתה_כברי.gpx,C:\Users\yairr\GPX_files\2026-06-13 כברי_גורן-הקטן_נוף-חניתה_כברי.gpx,הועבר,
G:\My Drive\רון - ניירת אישית\חופשות-טיסות\מסלולי אופניים\הקלטות 2026\2026-06-06 געתון_רגבה_עכו.gpx,C:\Users\yairr\GPX_files\2026-06-06 געתון_רגבה_עכו.gpx,הועבר,
G:\My Drive\רון - ניירת אישית\חופשות-טיסות\מסלולי אופניים\הקלטות 2026\2026-08-11_17-25-39_fi_E9B8658A-7732-4786-B526-637949DD4349.gpx,C:\Users\yairr\GPX_files\2026-08-11_17-25-39_fi_E9B8658A-7732-4786-B526-637949DD4349.gpx,הועבר,
G:\My Drive\רון - ניירת אישית\חופשות-טיסות\מסלולי אופניים\הקלטות 2026\געתון סינגל מצובה בצת געתון 2026-08-14_062339.gpx,C:\Users\yairr\GPX_files\געתון סינגל מצובה בצת געתון 2026-08-14_062339.gpx,הועבר,
G:\My Drive\רון - ניירת אישית\חופשות-טיסות\מסלולי אופניים\הקלטות 2026\2026-08-14 062339__20260814_0623.gpx,C:\Users\yairr\GPX_files\כפילויות\2026-08-14 062339__20260814_0623.gpx,כפילות (הועבר לתיקיית כפילויות),זהה בתוכן ל: G:\My Drive\רון - ניירת אישית\חופשות-טיסות\מסלולי אופניים\הקלטות 2026\געתון סינגל מצובה בצת געתון 2026-08-14_062339.gpx
G:\My Drive\רון - ניירת אישית\חופשות-טיסות\מסלולי אופניים\הקלטות 2026\2026-08-14 06_23_39.gpx,C:\Users\yairr\GPX_files\2026-08-14 06_23_39.gpx,הועבר,
G:\My Drive\רון - ניירת אישית\חופשות-טיסות\מסלולי אופניים\הקלטות 2026\קבצי ניווט לא תקינים\2026-06-11 הר-חרמון_גבעות-קרב_הליכה.gpx,C:\Users\yairr\GPX_files\2026-06-11 הר-חרמון_גבעות-קרב_הליכה.gpx,הועבר,
G:\My Drive\רון - ניירת אישית\חופשות-טיסות\מסלולי אופניים\הקלטות 2026\קבצי ניווט לא תקינים\2026-06-02 שבי-ציון_עכו_קרית-אתא_חזרה.gpx,C:\Users\yairr\GPX_files\2026-06-02 שבי-ציון_עכו_קרית-אתא_חזרה.gpx,הועבר,
G:\My Drive\רון - ניירת אישית\חופשות-טיסות\מסלולים ORUXMAPS 20250929\1Tikhedunga to Ulleri.gpx,C:\Users\yairr\GPX_files\כפילויות\1Tikhedunga to Ulleri.gpx,כפילות (הועבר לתיקיית כפילויות),זהה בתוכן ל: G:\My Drive\רון - ניירת אישית\חופשות-טיסות\חופשות 2024\נפאל\נפאל הימליה 10-23\מסלולים בנפאל\מסלולים לפי ימים מסעות בתבונה בהימליה\New folder\1Tikhedunga to Ulleri.gpx
G:\My Drive\רון - ניירת אישית\חופשות-טיסות\מסלולים ORUXMAPS 20250929\2016_0909_GvaotTivonNachalKisson.gpx,C:\Users\yairr\GPX_files\2016_0909_GvaotTivonNachalKisson.gpx,הועבר,
G:\My Drive\רון - ניירת אישית\חופשות-טיסות\מסלולים ORUXMAPS 20250929\2023-10-03 212334__20231003_2123.gpx,C:\Users\yairr\GPX_files\2023-10-03 212334__20231003_2123.gpx,הועבר,
G:\My Drive\רון - ניירת אישית\חופשות-טיסות\מסלולים ORUXMAPS 20250929\2023-10-07 144042__20231007_1440.gpx,C:\Users\yairr\GPX_files\2023-10-07 144042__20231007_1440.gpx,הועבר,
G:\My Drive\רון - ניירת אישית\חופשות-טיסות\מסלולים ORUXMAPS 20250929\2023-10-14 080041__20231014_0800.gpx,C:\Users\yairr\GPX_files\2023-10-14 080041__20231014_0800.gpx,הועבר,
G:\My Drive\רון - ניירת אישית\חופשות-טיסות\מסלולים ORUXMAPS 20250929\2023-10-21 103213__20231021_1032.gpx,C:\Users\yairr\GPX_files\2023-10-21 103213__20231021_1032.gpx,הועבר,
G:\My Drive\רון - ניירת אישית\חופשות-טיסות\מסלולים ORUXMAPS 20250929\2023-11-20 114934__20231120_1149.gpx,C:\Users\yairr\GPX_files\2023-11-20 114934__20231120_1149.gpx,הועבר,
G:\My Drive\רון - ניירת אישית\חופשות-טיסות\מסלולים ORUXMAPS 20250929\2023-11-23 122024__20231123_1220.gpx,C:\Users\yairr\GPX_files\2023-11-23 122024__20231123_1220.gpx,הועבר,
G:\My Drive\רון - ניירת אישית\חופשות-טיסות\מסלולים ORUXMAPS 20250929\2023-11-29 130310__20231129_1303.gpx,C:\Users\yairr\GPX_files\2023-11-29 130310__20231129_1303.gpx,הועבר,
G:\My Drive\רון - ניירת אישית\חופשות-טיסות\מסלולים ORUXMAPS 20250929\2023-12-19 113352__20231219_1133.gpx,C:\Users\yairr\GPX_files\2023-12-19 113352__20231219_1133.gpx,הועבר,
G:\My Drive\רון - ניירת אישית\חופשות-טיסות\מסלולים ORUXMAPS 20250929\2023-12-31 140538__20231231_1405.gpx,C:\Users\yairr\GPX_files\2023-12-31 140538__20231231_1405.gpx,הועבר,
G:\My Drive\רון - ניירת אישית\חופשות-טיסות\מסלולים ORUXMAPS 20250929\2024-01-03 133218__20240103_1332.gpx,C:\Users\yairr\GPX_files\2024-01-03 133218__20240103_1332.gpx,הועבר,
G:\My Drive\רון - ניירת אישית\חופשות-טיסות\מסלולים ORUXMAPS 20250929\2024-02-05 185714__20240205_1857.gpx,C:\Users\yairr\GPX_files\2024-02-05 185714__20240205_1857.gpx,הועבר,
G:\My Drive\רון - ניירת אישית\חופשות-טיסות\מסלולים ORUXMAPS 20250929\2024-02-06 115830__20240206_1158.gpx,C:\Users\yairr\GPX_files\2024-02-06 115830__20240206_1158.gpx,הועבר,
G:\My Drive\רון - ניירת אישית\חופשות-טיסות\מסלולים ORUXMAPS 20250929\2025-04-26 חירבת רקית עוספיא.gpx,C:\Users\yairr\GPX_files\כפילויות\2025-04-26 חירבת רקית עוספיא.gpx,כפילות (הועבר לתיקיית כפילויות),זהה בתוכן ל: G:\My Drive\רון - ניירת אישית\חופשות-טיסות\טיולי שביל ישראל\הקלטות שביל ישראל\הקלטה\חירבת רקית הר שוקף עוספיא.gpx
G:\My Drive\רון - ניירת אישית\חופשות-טיסות\מסלולים ORUXMAPS 20250929\2Ulleri to Ghorepani.gpx,C:\Users\yairr\GPX_files\כפילויות\2Ulleri to Ghorepani.gpx,כפילות (הועבר לתיקיית כפילויות),זהה בתוכן ל: G:\My Drive\רון - ניירת אישית\חופשות-טיסות\חופשות 2024\נפאל\נפאל הימליה 10-23\מסלולים בנפאל\מסלולים לפי ימים מסעות בתבונה בהימליה\New folder\2Ulleri to Ghorepani.gpx
G:\My Drive\רון - ניירת אישית\חופשות-טיסות\מסלולים ORUXMAPS 20250929\3-3Ghorepani Poon Hill Ghorepani Dureli Ben Thanti.gpx,C:\Users\yairr\GPX_files\כפילויות\3-3Ghorepani Poon Hill Ghorepani Dureli Ben Thanti.gpx,כפילות (הועבר לתיקיית כפילויות),זהה בתוכן ל: G:\My Drive\רון - ניירת אישית\חופשות-טיסות\חופשות 2024\נפאל\נפאל הימליה 10-23\מסלולים בנפאל\מסלולים לפי ימים מסעות בתבונה בהימליה\New folder\3-3Ghorepani Poon Hill Ghorepani Dureli Ben Thanti.gpx
G:\My Drive\רון - ניירת אישית\חופשות-טיסות\מסלולים ORUXMAPS 20250929\4-2benthanti to chuile.gpx,C:\Users\yairr\GPX_files\כפילויות\4-2benthanti to chuile.gpx,כפילות (הועבר לתיקיית כפילויות),זהה בתוכן ל: G:\My Drive\רון - ניירת אישית\חופשות-טיסות\ארכיון\חופשות 2023\נפאל הימליה 10-23\מסלולים בנפאל\מסלולים לפי ימים מסעות בתבונה בהימליה\New folder\4-2benthanti to chuile.gpx
G:\My Drive\רון - ניירת אישית\חופשות-טיסות\מסלולים ORUXMAPS 20250929\444-fietsroute-universiteit-leiden-444.gpx,C:\Users\yairr\GPX_files\444-fietsroute-universiteit-leiden-444.gpx,הועבר,
G:\My Drive\רון - ניירת אישית\חופשות-טיסות\מסלולים ORUXMAPS 20250929\5chuile to ghandruk.gpx,C:\Users\yairr\GPX_files\כפילויות\5chuile to ghandruk.gpx,כפילות (הועבר לתיקיית כפילויות),זהה בתוכן ל: G:\My Drive\רון - ניירת אישית\חופשות-טיסות\חופשות 2024\נפאל\נפאל הימליה 10-23\מסלולים בנפאל\מסלולים לפי ימים מסעות בתבונה בהימליה\New folder\5chuile to ghandruk.gpx
G:\My Drive\רון - ניירת אישית\חופשות-טיסות\מסלולים ORUXMAPS 20250929\6Ghandruk to Jhinu Danda.gpx,C:\Users\yairr\GPX_files\כפילויות\6Ghandruk to Jhinu Danda.gpx,כפילות (הועבר לתיקיית כפילויות),זהה בתוכן ל: G:\My Drive\רון - ניירת אישית\חופשות-טיסות\ארכיון\חופשות 2023\נפאל הימליה 10-23\מסלולים בנפאל\מסלולים לפי ימים מסעות בתבונה בהימליה\New folder\6Ghandruk to Jhinu Danda.gpx
G:\My Drive\רון - ניירת אישית\חופשות-טיסות\מסלולים ORUXMAPS 20250929\7-1jhinu-danda-landruk.gpx,C:\Users\yairr\GPX_files\כפילויות\7-1jhinu-danda-landruk.gpx,כפילות (הועבר לתיקיית כפילויות),זהה בתוכן ל: G:\My Drive\רון - ניירת אישית\חופשות-טיסות\ארכיון\חופשות 2023\נפאל הימליה 10-23\מסלולים בנפאל\מסלולים לפי ימים מסעות בתבונה בהימליה\New folder\7-1jhinu-danda-landruk.gpx
G:\My Drive\רון - ניירת אישית\חופשות-טיסות\מסלולים ORUXMAPS 20250929\קלעת נמרוד שניר 2025-07-06.gpx,C:\Users\yairr\GPX_files\קלעת נמרוד שניר 2025-07-06.gpx,הועבר,
G:\My Drive\רון - ניירת אישית\חופשות-טיסות\מסלולים ORUXMAPS 20250929\Gaaton shomrat.gpx,C:\Users\yairr\GPX_files\כפילויות\Gaaton shomrat.gpx,כפילות (הועבר לתיקיית כפילויות),זהה בתוכן ל: G:\My Drive\רון - ניירת אישית\חופשות-טיסות\מסלולי אופניים\Gaaton shomrat.gpx
G:\My Drive\רון - ניירת אישית\חופשות-טיסות\מסלולים ORUXMAPS 20250929\hila kziv.gpx,C:\Users\yairr\GPX_files\hila kziv.gpx,הועבר,
G:\My Drive\רון - ניירת אישית\חופשות-טיסות\מסלולים ORUXMAPS 20250929\t56783897_szep kilatas- kevely-koerמסלול 20 קמ .gpx,C:\Users\yairr\GPX_files\כפילויות\t56783897_szep kilatas- kevely-koerמסלול 20 קמ .gpx,כפילות (הועבר לתיקיית כפילויות),זהה בתוכן ל: G:\My Drive\רון - ניירת אישית\חופשות-טיסות\חופשות 2024\בודפסט 11-2024\מסלולים רגילים\טיול 20 קמ.gpx
G:\My Drive\רון - ניירת אישית\חופשות-טיסות\מסלולים ORUXMAPS 20250929\Tikhedunga to ladruk.gpx,C:\Users\yairr\GPX_files\כפילויות\Tikhedunga to ladruk.gpx,כפילות (הועבר לתיקיית כפילויות),זהה בתוכן ל: G:\My Drive\רון - ניירת אישית\חופשות-טיסות\ארכיון\חופשות 2023\נפאל הימליה 10-23\מסלולים בנפאל\מסלולים לפי ימים מסעות בתבונה בהימליה\Tikhedunga to ladruk.gpx
G:\My Drive\רון - ניירת אישית\חופשות-טיסות\מסלולים ORUXMAPS 20250929\אמפי גולן - מבוא חמה.gpx,C:\Users\yairr\GPX_files\אמפי גולן - מבוא חמה.gpx,הועבר,
G:\My Drive\רון - ניירת אישית\חופשות-טיסות\מסלולים ORUXMAPS 20250929\געתון גבעת העץ יחיעם געתון.gpx,C:\Users\yairr\GPX_files\כפילויות\געתון גבעת העץ יחיעם געתון.gpx,כפילות (הועבר לתיקיית כפילויות),זהה בתוכן ל: G:\My Drive\רון - ניירת אישית\חופשות-טיסות\מסלולי טיול\געתון גבעת העץ יחיעם געתון.gpx
G:\My Drive\רון - ניירת אישית\חופשות-טיסות\מסלולים ORUXMAPS 20250929\הילה פארק גורן.gpx,C:\Users\yairr\GPX_files\הילה פארק גורן.gpx,הועבר,
G:\My Drive\רון - ניירת אישית\חופשות-טיסות\מסלולים ORUXMAPS 20250929\חזור_נמרוד_בניאס.gpx,C:\Users\yairr\GPX_files\חזור_נמרוד_בניאס.gpx,הועבר,
G:\My Drive\רון - ניירת אישית\חופשות-טיסות\מסלולים ORUXMAPS 20250929\חממה פיתול מניר.gpx,C:\Users\yairr\GPX_files\כפילויות\חממה פיתול מניר.gpx,כפילות (הועבר לתיקיית כפילויות),זהה בתוכן ל: G:\My Drive\רון - ניירת אישית\חופשות-טיסות\טיולי שביל ישראל\הקלטות שביל ישראל\תכנון\חממה פיתול מניר.gpx
G:\My Drive\רון - ניירת אישית\חופשות-טיסות\מסלולים ORUXMAPS 20250929\עתידים - פרק אפק מקורות הירקון.gpx,C:\Users\yairr\GPX_files\כפילויות\עתידים - פרק אפק מקורות הירקון.gpx,כפילות (הועבר לתיקיית כפילויות),זהה בתוכן ל: G:\My Drive\רון - ניירת אישית\חופשות-טיסות\טיולי שביל ישראל\הקלטות שביל ישראל\הקלטה\עתידים - פרק אפק מקורות הירקון.gpx
G:\My Drive\רון - ניירת אישית\חופשות-טיסות\מסלולים ORUXMAPS 20250929\רכבל הכסאות ירידה רגלית.gpx,C:\Users\yairr\GPX_files\כפילויות\רכבל הכסאות ירידה רגלית.gpx,כפילות (הועבר לתיקיית כפילויות),זהה בתוכן ל: G:\My Drive\רון - ניירת אישית\חופשות-טיסות\חופשות 2024\בודפסט 11-2024\מסלולים רגילים\רכבל הכסאות ירידה רגלית.gpx
G:\My Drive\רון - ניירת אישית\חופשות-טיסות\מסלולים ORUXMAPS 20250929\שביל הגולן.gpx,C:\Users\yairr\GPX_files\שביל הגולן.gpx,הועבר,
G:\My Drive\רון - ניירת אישית\חופשות-טיסות\מסלולים ORUXMAPS 20250929\שביל ישראל צבעון_ח_חממה_מורן_חורפיש.gpx,C:\Users\yairr\GPX_files\כפילויות\שביל ישראל צבעון_ח_חממה_מורן_חורפיש.gpx,כפילות (הועבר לתיקיית כפילויות),זהה בתוכן ל: G:\My Drive\רון - ניירת אישית\חופשות-טיסות\טיולי שביל ישראל\הקלטות שביל ישראל\הקלטה\שביל ישראל צבעון_ח_חממה_מורן_חורפיש.gpx
G:\My Drive\רון - ניירת אישית\חופשות-טיסות\מסלולים ORUXMAPS 20250929\שביל_ישראל - מקטע 24 - צובה סטף עין כרם.gpx,C:\Users\yairr\GPX_files\כפילויות\שביל_ישראל - מקטע 24 - צובה סטף עין כרם_1.gpx,כפילות (הועבר לתיקיית כפילויות),זהה בתוכן ל: G:\My Drive\רון - ניירת אישית\חופשות-טיסות\טיולי שביל ישראל\שביל_ישראל - מקטע 24 - צובה סטף עין כרם.gpx
G:\My Drive\רון - ניירת אישית\חופשות-טיסות\מסלולים ORUXMAPS 20250929\תכ_חורבת רקית חניון נחל אורן תחתון.gpx,C:\Users\yairr\GPX_files\כפילויות\תכ_חורבת רקית חניון נחל אורן תחתון.gpx,כפילות (הועבר לתיקיית כפילויות),זהה בתוכן ל: G:\My Drive\רון - ניירת אישית\חופשות-טיסות\טיולי שביל ישראל\הקלטות שביל ישראל\תכנון\תכ_חורבת רקית חניון נחל אורן תחתון.gpx
G:\My Drive\רון - ניירת אישית\חופשות-טיסות\מסלולים ORUXMAPS 20250929\תכנון ניר  חניון עיקול חניון עמוד.gpx,C:\Users\yairr\GPX_files\כפילויות\תכנון ניר  חניון עיקול חניון עמוד_1.gpx,כפילות (הועבר לתיקיית כפילויות),זהה בתוכן ל: G:\My Drive\רון - ניירת אישית\חופשות-טיסות\טיולי שביל ישראל\הקלטות שביל ישראל\תכנון\תכנון ניר  חניון עיקול חניון עמוד.gpx
