route,start,end
1,געתון,געתון
4,טבריה,טבריה
5,בר יוחאי,בר יוחאי
6,טבריה,טבריה
7,געתון,געתון
8,כברי,שמרת
9,נהרייה,נהרייה
10,געתון,געתון
11,געתון,געתון
12,געתון,נהרייה
13,געתון,געתון
14,געתון,שמרת
15,נהרייה,געתון
16,געתון,נהרייה
17,שבי ציון,שבי ציון
18,כברי,כברי
19,געתון,כפר ראש הנקרה
20,געתון,געתון
21,געתון,געתון
22,געתון,גשר הזיו
24,געתון,געתון
25,געתון,געתון
26,געתון,נהרייה
27,געתון,מעיליא
28,געתון,שבי ציון
29,געתון,געתון
30,געתון,כברי
31,געתון,געתון
32,געתון,נווה זיו
34,געתון,כברי
35,געתון,געתון
36,געתון,געתון
37,געתון,געתון
38,געתון,געתון
39,געתון,געתון
40,געתון,געתון
41,בארי,בארי
42,כברי,געתון
43,געתון,געתון
44,געתון,נווה זיו
45,נווה זיו,געתון
46,נווה זיו,געתון
47,געתון,געתון
48,געתון,געתון
49,מצפה הילה,מצפה הילה
51,געתון,געתון
52,געתון,געתון
53,מעונה,מעונה
54,געתון,געתון
55,געתון,געתון
56,געתון,שבי ציון
58,נהרייה,נהרייה
59,געתון,געתון
60,געתון,געתון
61,געתון,נווה זיו
62,געתון,נהרייה
63,געתון,געתון
64,כברי,כברי
65,געתון,געתון
66,געתון,געתון
67,געתון,געתון
68,עין יעקב,געתון
69,גילון,גילון
70,געתון,געתון
71,געתון,געתון
72,געתון,געתון
73,חד-נס,כפר גלעדי
74,געתון,געתון
75,געתון,געתון
76,געתון,געתון
77,געתון,נהרייה
78,געתון,שמרת
79,געתון,געתון
80,געתון,געתון
81,כפר מסריק,כפר מסריק
82,אלונים,אלונים
83,תל אביב-יפו,תל אביב-יפו
84,אליפז,אליפז
85,געתון,געתון
86,געתון,געתון
87,געתון,געתון
88,געתון,געתון
89,געתון,געתון
90,געתון,געתון
94,געתון,געתון
95,געתון,געתון
96,געתון,געתון
97,געתון,געתון
98,געתון,געתון
100,געתון,געתון
101,געתון,געתון
102,געתון,געתון
103,געתון,געתון
106,געתון,געתון
108,געתון,געתון
109,געתון,געתון
110,געתון,געתון
113,געתון,געתון
114,געתון,געתון
115,געתון,געתון
116,געתון,געתון
118,נווה זוהר,נווה זוהר
119,נווה זוהר,נווה זוהר
120,נווה זוהר,נווה זוהר
121,נווה זוהר,נווה זוהר
122,געתון,געתון
123,געתון,געתון
124,געתון,געתון
125,געתון,מעונה
126,געתון,געתון
127,געתון,געתון
129,כפר מסריק,כפר מסריק
130,געתון,געתון
131,געתון,געתון
132,געתון,געתון
133,נווה זוהר,נווה זוהר
134,נווה זוהר,נווה זוהר
135,נווה זוהר,נווה זוהר
136,נווה זוהר,נווה זוהר
137,געתון,געתון
139,געתון,געתון
141,געתון,געתון
142,געתון,געתון
145,געתון,געתון
146,געתון,געתון
147,נווה זוהר,נווה זוהר
148,נווה זוהר,נווה זוהר
149,נווה זוהר,נווה זוהר
150,געתון,געתון
151,געתון,געתון
152,געתון,געתון
153,געתון,געתון
154,געתון,געתון
156,געתון,געתון
157,געתון,געתון
158,כפר מסריק,כפר מסריק
159,געתון,געתון
160,געתון,געתון
161,געתון,געתון
162,געתון,געתון
163,כפר מסריק,כפר מסריק
164,געתון,געתון
165,געתון,געתון
166,געתון,געתון
167,געתון,געתון
168,מעונה,מעונה
169,נווה זוהר,נווה זוהר
170,נווה זוהר,נווה זוהר
171,נווה זוהר,נווה זוהר
172,געתון,געתון
173,געתון,געתון
174,געתון,מעונה
175,געתון,געתון
176,תל אביב-יפו,תל אביב-יפו
177,געתון,געתון
179,געתון,געתון
180,געתון,געתון
181,שלומי,שלומי
182,שלומי,שלומי
184,כברי,געתון
185,געתון,געתון
186,געתון,געתון
187,געתון,געתון
188,געתון,געתון
189,געתון,געתון
191,געתון,געתון
192,געתון,געתון
194,געתון,געתון
195,געתון,געתון
196,געתון,געתון
198,געתון,געתון
199,געתון,געתון
202,געתון,געתון
203,לוטן,לוטן
204,לוטן,לוטן
205,אליפז,אליפז
206,געתון,געתון
207,קשת,קשת
209,געתון,מעונה
210,געתון,געתון
211,געתון,געתון
213,געתון,געתון
214,געתון,געתון
216,געתון,מעונה
217,נווה זוהר,נווה זוהר
218,נווה זוהר,נווה זוהר
219,נווה זוהר,נווה זוהר
220,ערד,ערד
221,געתון,געתון
222,כפר מסריק,כפר מסריק
223,געתון,געתון
224,געתון,מעונה
226,געתון,געתון
227,געתון,געתון
229,כברי,כברי
230,געתון,נווה זיו
231,גורנות הגליל,אילון
232,געתון,געתון
233,געתון,געתון
234,געתון,געתון
236,געתון,געתון
241,געתון,געתון
243,געתון,כליל
244,געתון,געתון
252,געתון,געתון
254,געתון,געתון
255,געתון,געתון
256,געתון,געתון
257,געתון,געתון
258,כפר מסריק,כפר מסריק
262,געתון,געתון
263,געתון,געתון
264,געתון,געתון
265,געתון,געתון
266,געתון,מעונה
267,מצובה,מצובה
269,כברי,כברי
271,נווה זוהר,נווה זוהר
272,נווה זוהר,נווה זוהר
273,נווה זוהר,נווה זוהר
274,נווה זוהר,נווה זוהר
276,געתון,געתון
277,געתון,געתון
278,געתון,מעונה
279,געתון,געתון
281,געתון,געתון
283,געתון,געתון
285,מצובה,מצובה
286,געתון,געתון
287,נווה זוהר,נווה זוהר
288,נווה זוהר,נווה זוהר
289,נווה זוהר,נווה זוהר
290,נווה זוהר,נווה זוהר
291,געתון,געתון
295,נווה זוהר,נווה זוהר
296,נווה זוהר,נווה זוהר
297,נווה זוהר,נווה זוהר
298,נווה זוהר,נווה זוהר
299,נתניה,נתניה
304,געתון,געתון
306,חורפיש,חורפיש
312,געתון,געתון
316,מצובה,מצובה
318,יגור,יגור
319,יערה,יערה
321,מצפה הילה,מצפה הילה
322,גילון,צורית
323,חורפיש,חורפיש
324,געתון,געתון
326,מצובה,מצובה
327,מצובה,מצובה
329,געתון,געתון
331,חיפה,חיפה
332,געתון,געתון
333,געתון,געתון
334,חיפה,חיפה
335,פוקהרה,פוקהרה
336,פוקהרה,פוקהרה
337,געתון,געתון
338,געתון,געתון
339,געתון,געתון
340,געתון,געתון
341,געתון,געתון
342,געתון,יחיעם
344,געתון,געתון
349,שדות ים,חדרה
351,שער העמקים,בית זיד
352,שער העמקים,בית זיד
353,חדרה,גאולי תימן
354,חופית,חדרה
355,געתון,געתון
356,געתון,געתון
357,געתון,געתון
360,געתון,געתון
361,אודים,יקום
363,געתון,געתון
365,נווה זוהר,נווה זוהר
366,נווה זוהר,נווה זוהר
370,בני ברק,תל אביב-יפו
372,גבעת השלושה,עדנים
373,נווה זוהר,נווה זוהר
374,נווה זוהר,נווה זוהר
375,נווה זוהר,נווה זוהר
392,געתון,געתון
397,ליידן,ליידן
399,שאמוני,שאמוני
400,חיפה,חיפה
401,ג'סר א-זרקא,קיסריה
402,בית הערבה,בית הערבה
403,געתון,געתון
405,געתון,געתון
406,צובה,אורה
407,בודפשט,בודפשט
409,כברי,כברי
410,כברי,כברי
411,כברי,כברי
413,געתון,געתון
414,נהרייה,געתון
415,שניר,שאר ישוב
416,לאוס,לאוס
417,לאוס,לאוס
418,לאוס,לאוס
419,לאוס,לאוס
420,לאוס,לאוס
421,לאוס,לאוס
422,לאוס,לאוס
423,לאוס,לאוס
424,נווה זוהר,נווה זוהר
425,נווה זוהר,נווה זוהר
426,נווה זוהר,נווה זוהר
427,נווה זוהר,נווה זוהר
428,אפיק,מבוא חמה
429,געתון,געתון
431,עין הוד,עין הוד
432,בית אורן,געתון
433,חורפיש,מירון
434,עין קנייא,שניר
435,בית אורן,עין הוד
436,שאר ישוב,שדה נחמיה
437,מצפה הילה,געתון
439,געתון,יחיעם
440,ליידן,ליידן
441,ליידן,ליידן
442,געתון,געתון
443,געתון,געתון
444,געתון,געתון
446,געתון,געתון
447,געתון,מזרעה
448,געתון,יחיעם
451,יפתח,יפתח
452,געתון,מזרעה
453,געתון,געתון
454,אבירים,אבירים
455,געתון,געתון
456,געתון,געתון
457,מירון,כפר שמאי
458,נווה זוהר,נווה זוהר
459,געתון,געתון
460,כפר ראש הנקרה,גשר הזיו
461,בר יוחאי,געתון
462,געתון,געתון
463,בר יוחאי,געתון
464,בית חנניה,שדות ים
465,כברי,כברי
466,שבי ציון,געתון
467,שבי ציון,געתון
468,שבי ציון,שבי ציון
469,געתון,געתון
470,מרום גולן,עין זיוון
471,כברי,כברי
472,חורפיש,מירון
473,מצובה,מצובה
475,געתון,געתון
476,געתון,געתון
477,געתון,געתון
478,געתון,געתון
479,געתון,געתון
480,בארי,בארי
481,כברי,כברי
482,געתון,געתון
483,געתון,געתון
484,געתון,געתון
485,געתון,געתון
486,געתון,געתון
487,געתון,געתון
488,געתון,געתון
489,געתון,געתון
490,געתון,געתון
491,געתון,געתון
493,געתון,געתון
494,געתון,געתון
495,געתון,געתון
496,געתון,געתון
497,געתון,געתון
498,געתון,געתון
499,נוב,נוב
500,געתון,געתון
501,כברי,כברי
502,געתון,געתון
503,געתון,יחיעם
504,כברי,כברי
505,געתון,יחיעם
506,אלי-עד,מיצר
507,מצפה הילה,מצפה הילה
508,כברי,כברי
509,טל-אל,טל-אל
510,געתון,געתון
511,געתון,געתון
512,געתון,געתון
513,געתון,געתון
514,מעונה,געתון
515,געתון,געתון
516,געתון,געתון
517,שבי ציון,שבי ציון
518,שבי ציון,געתון
519,עכו,געתון
520,עכו,געתון
521,כברי,כברי
522,מג'דל שמס,מג'דל שמס
523,מג'דל שמס,מסעדה
524,כברי,כברי
525,כברי,חניתה
526,כברי,כברי
527,כברי,כברי
528,געתון,געתון
529,כפר ראש הנקרה,געתון
530,כברי,כברי
531,געתון,געתון
532,שלומי,שלומי
533,שלומי,שלומי
534,געתון,געתון
535,געתון,געתון
536,געתון,געתון
537,כברי,כברי
538,לימן,כפר ראש הנקרה
539,מצובה,מצובה
540,נהרייה,געתון
541,געתון,יחיעם
542,געתון,געתון
543,געתון,געתון
544,כברי,כברי
545,געתון,יחיעם
546,שבי ציון,שבי ציון
547,געתון,געתון
548,געתון,עין יעקב
549,מצפה הילה,מצפה הילה
551,געתון,געתון
553,געתון,יחיעם
554,כברי,כברי
555,געתון,געתון
556,בצת,כברי
559,געתון,געתון
560,עבדון,עבדון
562,געתון,שמרת
563,אילת,זכרון יעקב
564,ליידן,ליידן
565,כברי,כברי
566,פוקהרה,פוקהרה
567,וינה,בודפשט
568,ערד,נווה זוהר
569,מצפה הילה,עבדון
570,כברי,כברי
571,געתון,געתון
572,עין שמר,עין שמר
573,נווה זוהר,נווה זוהר
574,שלומי,שלומי
575,תל אביב-יפו,תל אביב-יפו
576,תל אביב-יפו,תל אביב-יפו
577,איילת השחר,איילת השחר
578,אלי-עד,געתון
579,אפיק,מבוא חמה
580,אילת,געתון
581,בארי,בארי
582,בארי,בארי
583,בארי,בארי
584,בארי,עין השלושה
585,בארי,בארי
586,יהל,געתון
587,שדה בוקר,שדה בוקר
588,בית גוברין,כסיפה
589,מאיר שפיה,ג'סר א-זרקא
590,געתון,עין יעקב
591,געתון,געתון
592,עין יעקב,עין יעקב
593,עין יעקב,עין יעקב
594,עין יעקב,עין יעקב
595,געתון,גשר הזיו
596,געתון,געתון
597,גשר,ברקאי
598,דן,גשר
599,יטבתה,יטבתה
600,מצפה הילה,מצפה הילה
601,מצפה הילה,געתון
602,מצפה הילה,געתון
603,מצפה הילה,געתון
604,מצפה הילה,עבדון
605,צבעון,געתון
606,געתון,געתון
607,אילות,אילת
608,עין קנייא,שניר
609,בית אורן,געתון
610,חורפיש,מירון
611,חורפיש,מירון
612,בודפשט,בודפשט
613,חיפה,חיפה
614,חיפה,חיפה
615,חיפה,חיפה
616,חיפה,חיפה
617,בני יהודה,תל קציר
618,פוקהרה,פוקהרה
619,יגור,יגור
620,יגור,געתון
621,יהל,יהל
622,יהל,יטבתה
623,יהל,יהל
624,צפת,צפת
625,כליל,כליל
626,געתון,געתון
627,אילנייה,אילנייה
628,כברי,כברי
629,ערד,ערד
630,יפתח,יפתח
631,לוטן,לוטן
632,לוטן,געתון
633,כברי,כברי
634,חורפיש,געתון
635,חצבה,נווה זוהר
636,מרום גולן,עין זיוון
637,דימונה,מצפה רמון
638,שדה בוקר,שדה בוקר
639,בית ג'ן,בית ג'ן
640,הררית,הררית
641,נווה זוהר,נווה זוהר
642,הגושרים,הגושרים
643,נווה זוהר,נווה זוהר
644,מעלות-תרשיחא,געתון
645,מצפה רמון,פארן
646,שדה אליעזר,שדה אליעזר
647,עבדון,עבדון
648,יערה,יערה
649,דלתון,כפר שמאי
650,דלתון,מירון
651,נווה זוהר,נווה זוהר
652,געתון,געתון
653,גורנות הגליל,געתון
654,רמות נפתלי,געתון
655,גילון,גילון
656,אלונים,אלונים
657,כרכום,כרכום
658,חורפיש,חורפיש
659,טל-אל,טל-אל
660,איילת השחר,איילת השחר
661,נאעורה,נאעורה
662,נאות הכיכר,נווה זוהר
663,שלומי,שלומי
664,כפר חנניה,כפר חנניה
665,עין יעקב,עין יעקב
666,עין יעקב,עין יעקב
667,שייח' דנון,שייח' דנון
668,כפר גלעדי,כפר גלעדי
669,געתון,געתון
670,עין המפרץ,מגדל
671,ברקאי,עינת
672,ערד,געתון
673,ערד,נווה זוהר
674,געתון,גבעת השלושה
675,פארן,שחרות
676,מעיליא,מעיליא
677,לוטן,לוטן
678,עין קנייא,געתון
679,געתון,בית גוברין
680,בודפשט,בודפשט
681,כפר ראש הנקרה,כפר ראש הנקרה
682,מנרה,מנרה
683,געתון,געתון
684,אילת,געתון
685,צבעון,געתון
686,צובה,מטע
687,ערד,געתון
688,געתון,געתון
689,שחרות,אילת
690,שבלי-אום אל-גנם,שבלי-אום אל-גנם
691,בית אורן,עין הוד
692,מירון,קדרים
693,בר יוחאי,געתון
694,בית חנניה,געתון
695,כפר נטר,כפר נטר
696,כסיפה,דימונה
697,אליפז,אילת
698,אבירים,אבירים
699,געתון,געתון
