שם ישן,שם חדש,השתנה?,הערה
0000-00-00_אבירים.gpx,0000-00-00_אבירים.gpx,False,
0000-00-00_איילת השחר_דלתון_סאסא_דישון_שדה אליעזר.gpx,0000-00-00_איילת השחר_דלתון_סאסא_דישון_שדה אליעזר.gpx,False,
0000-00-00_איילת השחר_יראון_שדה אליעזר.gpx,0000-00-00_איילת השחר_יראון_שדה אליעזר.gpx,False,
0000-00-00_אילות_אילת.gpx,0000-00-00_אילות_אילת.gpx,False,
0000-00-00_אילנייה_מצפה נטופה_רומאנה_טורעאן_גבעת אבני.gpx,0000-00-00_אילנייה_מצפה נטופה_רומאנה_טורעאן_גבעת אבני.gpx,False,
0000-00-00_אילת_אחוזם_מג'דל שמס_זכרון יעקב.gpx,0000-00-00_אילת_אחוזם_מג'דל שמס_זכרון יעקב.gpx,False,
0000-00-00_אילת_אליפז.gpx,0000-00-00_אילת_אליפז.gpx,False,
0000-00-00_אילת_מצפה רמון_עין גדי.gpx,0000-00-00_אילת_מצפה רמון_עין גדי.gpx,False,
0000-00-00_אלוני הבשן.gpx,0000-00-00_פוקהרה.gpx,True,
0000-00-00_אלוני הבשן_1.gpx,0000-00-00_פוקהרה_1.gpx,True,
0000-00-00_אלונים_שער העמקים_רמת ישי.gpx,0000-00-00_אלונים_שער העמקים_רמת ישי.gpx,False,
0000-00-00_אלי-עד_חספין_נטור.gpx,0000-00-00_אלי-עד_חספין_נטור.gpx,False,
0000-00-00_אליפז_אילת.gpx,0000-00-00_אליפז_אילת.gpx,False,
0000-00-00_אפיק_מבוא חמה.gpx,0000-00-00_אפיק_מבוא חמה.gpx,False,
0000-00-00_בארי.GPX,0000-00-00_בארי.GPX,False,
0000-00-00_בארי_1.GPX,0000-00-00_בארי_1.GPX,False,
0000-00-00_בארי_רעים.gpx,0000-00-00_בארי_רעים.gpx,False,
0000-00-00_בארי_רעים_עין השלושה_רעים.gpx,0000-00-00_בארי_רעים_עין השלושה_רעים.gpx,False,
0000-00-00_בארי_רעים_עין השלושה_רעים_1.gpx,0000-00-00_בארי_רעים_עין השלושה_רעים_1.gpx,False,
0000-00-00_בית אורן_יגור.gpx,0000-00-00_בית אורן_יגור.gpx,False,
0000-00-00_בית אורן_נשר.gpx,0000-00-00_געתון_נשר.gpx,True,
0000-00-00_בית אורן_עין הוד.gpx,0000-00-00_בית אורן_עין הוד.gpx,False,
0000-00-00_בית ג'ן_שפר_עין אל-אסד.gpx,0000-00-00_בית ג'ן_שפר_עין אל-אסד.gpx,False,
0000-00-00_בית גוברין_להב_כסיפה.GPX,0000-00-00_בית גוברין_להב_כסיפה.GPX,False,
0000-00-00_בית חנניה_שדות ים.gpx,0000-00-00_בית חנניה_שדות ים.gpx,False,
0000-00-00_בני ברק_נווה ירק_גבעת השלושה.gpx,0000-00-00_געתון_נווה ירק_גבעת השלושה.gpx,True,
0000-00-00_בני יהודה_תל קציר.gpx,0000-00-00_בני יהודה_תל קציר.gpx,False,
0000-00-00_בר יוחאי_חורפיש.gpx,0000-00-00_בר יוחאי_חורפיש.gpx,False,
0000-00-00_ברעם_כפר שמאי_חורפיש.gpx,0000-00-00_חורפיש_כפר שמאי_חורפיש.gpx,True,
0000-00-00_ברעם_מירון.gpx,0000-00-00_חורפיש_מירון.gpx,True,
0000-00-00_ברעם_מירון_1.gpx,0000-00-00_חורפיש_מירון_1.gpx,True,
0000-00-00_ברעם_מירון_צבעון.gpx,0000-00-00_חורפיש_מירון_צבעון.gpx,True,
0000-00-00_ברעם_מתת.gpx,0000-00-00_געתון_מתת.gpx,True,
0000-00-00_ברקאי_כפר ויתקין_תל אביב -יפו_פתח תקווה_עינת.GPX,0000-00-00_ברקאי_כפר ויתקין_תל אביב -יפו_פתח תקווה_עינת.GPX,False,
0000-00-00_גורנות הגליל_אדמית_אילון.gpx,0000-00-00_גורנות הגליל_אדמית_אילון.gpx,False,
0000-00-00_גילון_נחף_פלך.gpx,0000-00-00_גילון_נחף_פלך.gpx,False,
0000-00-00_געתון.gpx,0000-00-00_געתון.gpx,False,
0000-00-00_געתון_עין יעקב.gpx,0000-00-00_געתון_עין יעקב.gpx,False,
0000-00-00_געתון_שמרת.gpx,0000-00-00_געתון_שמרת.gpx,False,
0000-00-00_גשר_בלפוריה_ברקאי.GPX,0000-00-00_גשר_בלפוריה_ברקאי.GPX,False,
0000-00-00_דימונה_שדה בוקר_מצפה רמון.GPX,0000-00-00_דימונה_שדה בוקר_מצפה רמון.GPX,False,
0000-00-00_דלתון_כפר שמאי.gpx,0000-00-00_דלתון_כפר שמאי.gpx,False,
0000-00-00_דלתון_מירון.gpx,0000-00-00_דלתון_מירון.gpx,False,
0000-00-00_דן_אלמגור_גשר.GPX,0000-00-00_דן_אלמגור_גשר.GPX,False,
0000-00-00_הגושרים_כפר בלום_דפנה.gpx,0000-00-00_הגושרים_כפר בלום_דפנה.gpx,False,
0000-00-00_הילה_גורן.gpx,0000-00-00_מצפה הילה_גורן.gpx,True,
0000-00-00_הילה_גורן_1.gpx,0000-00-00_מצפה הילה_גורן_1.gpx,True,
0000-00-00_הילה_כברי_יסעור_לבון_מעיליא.gpx,0000-00-00_מצפה הילה_כברי_יסעור_לבון_מעיליא.gpx,True,
0000-00-00_הילה_עבדון.gpx,0000-00-00_מצפה הילה_עבדון.gpx,True,
0000-00-00_הילה_עבדון_1.gpx,0000-00-00_מצפה הילה_עבדון_1.gpx,True,
0000-00-00_הילה_עבדון_2.gpx,0000-00-00_מצפה הילה_עבדון_2.gpx,True,
0000-00-00_הררית.gpx,0000-00-00_הררית.gpx,False,
0000-00-00_חיפה.gpx,0000-00-00_חיפה.gpx,False,
0000-00-00_חיפה_1.gpx,0000-00-00_חיפה_1.gpx,False,
0000-00-00_חיפה_2.gpx,0000-00-00_חיפה_2.gpx,False,
0000-00-00_חיפה_3.gpx,0000-00-00_געתון_3.gpx,True,
0000-00-00_חצבה_נאות הכיכר_נווה זוהר.gpx,0000-00-00_חצבה_נאות הכיכר_נווה זוהר.gpx,False,
0000-00-00_טל-אל_גילון_יסעור.GPX,0000-00-00_טל-אל_גילון_יסעור.GPX,False,
0000-00-00_יגור.gpx,0000-00-00_יגור.gpx,False,
0000-00-00_יגור_1.gpx,0000-00-00_יגור_1.gpx,False,
0000-00-00_יהל.gpx,0000-00-00_יהל.gpx,False,
0000-00-00_יהל_1.gpx,0000-00-00_יהל_1.gpx,False,
0000-00-00_יהל_יטבתה.gpx,0000-00-00_יהל_יטבתה.gpx,False,
0000-00-00_יהל_קטורה.gpx,0000-00-00_יהל_קטורה.gpx,False,
0000-00-00_יחיעם_כברי_געתון.gpx,0000-00-00_געתון_כברי_געתון.gpx,True,
0000-00-00_יחיעם_כליל.gpx,0000-00-00_כליל_כליל.gpx,True,
0000-00-00_יחיעם_עין יעקב.gpx,0000-00-00_געתון_עין יעקב.gpx,True,
0000-00-00_יטבתה_קטורה_נווה חריף_קטורה_גרופית.gpx,0000-00-00_יטבתה_קטורה_נווה חריף_קטורה_גרופית.gpx,False,
0000-00-00_יערה_אדמית.gpx,0000-00-00_יערה_אדמית.gpx,False,
0000-00-00_יפתח_גונן_רמות נפתלי.gpx,0000-00-00_יפתח_גונן_רמות נפתלי.gpx,False,
0000-00-00_כברי_יערה_כפר רוזנואלד (זרעית)_אילון_מצובה.gpx,0000-00-00_כברי_יערה_כפר רוזנואלד (זרעית)_אילון_מצובה.gpx,False,
0000-00-00_כברי_נווה זיו.gpx,0000-00-00_כברי_נווה זיו.gpx,False,
0000-00-00_כברי_נווה זיו_1.gpx,0000-00-00_כברי_נווה זיו_1.gpx,False,
0000-00-00_כברי_שבי ציון_שייח' דנון.gpx,0000-00-00_כברי_שבי ציון_שייח' דנון.gpx,False,
0000-00-00_כסיפה_ערד_דימונה.GPX,0000-00-00_כסיפה_ערד_דימונה.GPX,False,
0000-00-00_כפר גלעדי_מנרה_מרגליות.GPX,0000-00-00_כפר גלעדי_מנרה_מרגליות.GPX,False,
0000-00-00_כפר נטר_נתניה_געש_יקום_אודים.gpx,0000-00-00_כפר נטר_נתניה_געש_יקום_אודים.gpx,False,
0000-00-00_כפר ראש הנקרה.gpx,0000-00-00_ליידן.gpx,True,
0000-00-00_כפר ראש הנקרה_1.gpx,0000-00-00_וינה_1.gpx,True,
0000-00-00_כפר ראש הנקרה_2.gpx,0000-00-00_בודפשט_2.gpx,True,
0000-00-00_כפר ראש הנקרה_3.gpx,0000-00-00_בודפשט_3.gpx,True,
0000-00-00_כפר ראש הנקרה_חניתה_יערה_לימן.gpx,0000-00-00_כפר ראש הנקרה_חניתה_יערה_לימן.gpx,False,
0000-00-00_כרכום_משמר הירדן_אלמגור.gpx,0000-00-00_כרכום_משמר הירדן_אלמגור.gpx,False,
0000-00-00_לוטן_אליפז.gpx,0000-00-00_לוטן_אליפז.gpx,False,
0000-00-00_לוטן_יהל_נווה חריף.gpx,0000-00-00_לוטן_יהל_נווה חריף.gpx,False,
0000-00-00_לוטן_קטורה.gpx,0000-00-00_לוטן_קטורה.gpx,False,
0000-00-00_מאיר שפיה_ג'סר א-זרקא.gpx,0000-00-00_מאיר שפיה_ג'סר א-זרקא.gpx,False,
0000-00-00_מג'דל שמס_קשת_תל קציר.gpx,0000-00-00_געתון_קשת_תל קציר.gpx,True,
0000-00-00_מירון_קדרים.gpx,0000-00-00_מירון_קדרים.gpx,False,
0000-00-00_מנרה.gpx,0000-00-00_מנרה.gpx,False,
0000-00-00_מעיליא.gpx,0000-00-00_מעיליא.gpx,False,
0000-00-00_מעלות-תרשיחא_אבירים.gpx,0000-00-00_מעלות-תרשיחא_אבירים.gpx,False,
0000-00-00_מצפה רמון_צופר_פארן.GPX,0000-00-00_מצפה רמון_צופר_פארן.GPX,False,
0000-00-00_מרום גולן_אל -רום.gpx,0000-00-00_געתון_אל -רום.gpx,True,
0000-00-00_מרום גולן_עין זיוון.gpx,0000-00-00_מרום גולן_עין זיוון.gpx,False,
0000-00-00_נאות הכיכר_נווה זוהר.gpx,0000-00-00_נאות הכיכר_נווה זוהר.gpx,False,
0000-00-00_נאעורה_דחי_גבע.gpx,0000-00-00_נאעורה_דחי_גבע.gpx,False,
0000-00-00_נווה זוהר.gpx,0000-00-00_נווה זוהר.gpx,False,
0000-00-00_נווה זוהר_1.gpx,0000-00-00_נווה זוהר_1.gpx,False,
0000-00-00_נווה זוהר_נאות הכיכר.gpx,0000-00-00_נווה זוהר_נאות הכיכר.gpx,False,
0000-00-00_נווה זוהר_ערד.gpx,0000-00-00_נווה זוהר_ערד.gpx,False,
0000-00-00_עבדון_אבירים_מנות.gpx,0000-00-00_עבדון_אבירים_מנות.gpx,False,
0000-00-00_עין הוד_גבע כרמל.gpx,0000-00-00_געתון_גבע כרמל.gpx,True,
0000-00-00_עין המפרץ_צביה_מגדל.gpx,0000-00-00_עין המפרץ_צביה_מגדל.gpx,False,
0000-00-00_עין יעקב_גשר הזיו.gpx,0000-00-00_געתון_גשר הזיו.gpx,True,
0000-00-00_עין יעקב_יחיעם.gpx,0000-00-00_עין יעקב_יחיעם.gpx,False,
0000-00-00_עין יעקב_כברי_געתון.GPX,0000-00-00_עין יעקב_כברי_געתון.GPX,False,
0000-00-00_עין יעקב_כברי_געתון_1.gpx,0000-00-00_עין יעקב_כברי_געתון_1.gpx,False,
0000-00-00_עין יעקב_מעונה.gpx,0000-00-00_עין יעקב_מעונה.gpx,False,
0000-00-00_עין יעקב_מעונה_יחיעם.gpx,0000-00-00_עין יעקב_מעונה_יחיעם.gpx,False,
0000-00-00_עין קנייא_שניר.gpx,0000-00-00_עין קנייא_שניר.gpx,False,
0000-00-00_עינת_כרמי יוסף_בית גוברין.GPX,0000-00-00_געתון_כרמי יוסף_בית גוברין.GPX,True,
0000-00-00_ערד.gpx,0000-00-00_ערד.gpx,False,
0000-00-00_ערד_1.gpx,0000-00-00_ערד_1.gpx,False,
0000-00-00_ערד_2.gpx,0000-00-00_ערד_2.gpx,False,
0000-00-00_ערד_נווה זוהר.gpx,0000-00-00_ערד_נווה זוהר.gpx,False,
0000-00-00_ערד_נווה זוהר_1.gpx,0000-00-00_ערד_נווה זוהר_1.gpx,False,
0000-00-00_פארן_יהל_שחרות.GPX,0000-00-00_פארן_יהל_שחרות.GPX,False,
0000-00-00_צבעון_חורפיש.gpx,0000-00-00_צבעון_חורפיש.gpx,False,
0000-00-00_צובה_מטע.gpx,0000-00-00_צובה_מטע.gpx,False,
0000-00-00_צפת_כפר שמאי.gpx,0000-00-00_צפת_כפר שמאי.gpx,False,
0000-00-00_רמות נפתלי_יפתח.gpx,0000-00-00_רמות נפתלי_יפתח.gpx,False,
0000-00-00_שבלי - אום אל-גנם.gpx,0000-00-00_שבלי-אום אל-גנם.gpx,True,
0000-00-00_שדה אליעזר_עלמה.gpx,0000-00-00_שדה אליעזר_עלמה.gpx,False,
0000-00-00_שדה בוקר.gpx,0000-00-00_שדה בוקר.gpx,False,
0000-00-00_שדה בוקר_אשלים.gpx,0000-00-00_שדה בוקר_אשלים.gpx,False,
0000-00-00_שחרות_אליפז_אילת.GPX,0000-00-00_שחרות_אליפז_אילת.GPX,False,
0000-00-00_שייח' דנון_כליל_כסרא-סמיע_יחיעם_עמקה.gpx,0000-00-00_שייח' דנון_כליל_כסרא-סמיע_יחיעם_עמקה.gpx,False,
0000-00-00_שלומי_חניתה_מצובה.gpx,0000-00-00_שלומי_חניתה_מצובה.gpx,False,
0000-00-00_שלומי_יערה_מצובה.gpx,0000-00-00_שלומי_יערה_מצובה.gpx,False,
0000-00-00_תל אביב -יפו_אזור_גבעת כח_עדנים_בני ברק.gpx,0000-00-00_תל אביב-יפו_אזור_גבעת כח_עדנים_בני ברק.gpx,True,
0000-00-00_תל אביב -יפו_בת ים.gpx,0000-00-00_תל אביב-יפו_בת ים.gpx,True,
2013-04-13_געתון_עין יעקב.gpx,2013-04-13_געתון_עין יעקב.gpx,False,
2013-04-18_טבריה_מגדל_כפר חיטים.gpx,2013-04-18_טבריה_מגדל_כפר חיטים.gpx,False,
2013-04-19_בר יוחאי_ברעם.gpx,2013-04-19_בר יוחאי_ברעם.gpx,False,
2013-04-20_טבריה_פורייה עילית_פורייה - נווה עובד.gpx,2013-04-20_טבריה_פורייה עילית_פורייה - נווה עובד.gpx,False,
2013-04-26_געתון_יחיעם.gpx,2013-04-26_געתון_יחיעם.gpx,False,
2013-04-27_כברי_שמרת.gpx,2013-04-27_כברי_שמרת.gpx,False,
2013-05-04_נהרייה_כפר ראש הנקרה_סער.gpx,2013-05-04_נהרייה_כפר ראש הנקרה_סער.gpx,False,
2013-05-11_יחיעם_נווה זיו_עין יעקב.gpx,2013-05-11_געתון_נווה זיו_עין יעקב.gpx,True,
2013-05-14_יחיעם_מעונה_עין יעקב.gpx,2013-05-14_געתון_מעונה_עין יעקב.gpx,True,
2013-05-17_יחיעם_נהרייה.gpx,2013-05-17_געתון_נהרייה.gpx,True,
2013-06-06_געתון_נווה זיו_יחיעם.gpx,2013-06-06_געתון_נווה זיו_יחיעם.gpx,False,
2013-06-08_יחיעם_בוסתן הגליל_שמרת.gpx,2013-06-08_געתון_בוסתן הגליל_שמרת.gpx,True,
2013-06-12_נהרייה_כפר ראש הנקרה_סער.gpx,2013-06-12_נהרייה_כפר ראש הנקרה_סער.gpx,False,
2013-06-14_יחיעם_נהרייה.gpx,2013-06-14_געתון_נהרייה.gpx,True,
2013-06-15_שבי ציון_כפר ראש הנקרה_מזרעה.gpx,2013-06-15_שבי ציון_כפר ראש הנקרה_מזרעה.gpx,False,
2013-06-19_כברי_חניתה_מצובה.gpx,2013-06-19_כברי_חניתה_מצובה.gpx,False,
2013-06-21_יחיעם_כפר ראש הנקרה.gpx,2013-06-21_געתון_כפר ראש הנקרה.gpx,True,
2013-06-25_יחיעם_מעונה_עין יעקב.gpx,2013-06-25_געתון_מעונה_עין יעקב.gpx,True,
2013-06-26_יחיעם_נווה זיו_עין יעקב.gpx,2013-06-26_געתון_נווה זיו_עין יעקב.gpx,True,
2013-06-29_יחיעם_גשר הזיו.gpx,2013-06-29_געתון_גשר הזיו.gpx,True,
2013-07-08_יחיעם_מעונה_געתון.gpx,2013-07-08_געתון_מעונה_געתון.gpx,True,
2013-07-10_יחיעם_מעונה_געתון.gpx,2013-07-10_געתון_מעונה_געתון.gpx,True,
2013-07-12_יחיעם_כפר ראש הנקרה_נהרייה.gpx,2013-07-12_געתון_כפר ראש הנקרה_נהרייה.gpx,True,
2013-07-13_יחיעם_נווה זיו_מעיליא.gpx,2013-07-13_געתון_נווה זיו_מעיליא.gpx,True,
2013-07-15_יחיעם_מנות_שבי ציון.gpx,2013-07-15_געתון_מנות_שבי ציון.gpx,True,
2013-07-19_יחיעם_כברי_געתון.gpx,2013-07-19_געתון_כברי_געתון.gpx,True,
2013-07-20_יחיעם_כברי.gpx,2013-07-20_געתון_כברי.gpx,True,
2013-07-24_יחיעם_מעונה_עין יעקב.gpx,2013-07-24_געתון_מעונה_עין יעקב.gpx,True,
2013-07-25_יחיעם_חניתה_נווה זיו.gpx,2013-07-25_געתון_חניתה_נווה זיו.gpx,True,
2013-07-27_יחיעם_כברי.gpx,2013-07-27_געתון_כברי.gpx,True,
2013-07-30_יחיעם_מעונה_עין יעקב.gpx,2013-07-30_געתון_מעונה_עין יעקב.gpx,True,
2013-08-01_יחיעם_מעונה_געתון.gpx,2013-08-01_געתון_מעונה_געתון.gpx,True,
2013-08-03_געתון_כברי_יחיעם.gpx,2013-08-03_געתון_כברי_יחיעם.gpx,False,
2013-08-05_יחיעם_מעונה_עין יעקב.gpx,2013-08-05_געתון_מעונה_עין יעקב.gpx,True,
2013-08-07_יחיעם_געתון_עין יעקב.gpx,2013-08-07_געתון_געתון_עין יעקב.gpx,True,
2013-08-08_יחיעם_כברי_געתון.gpx,2013-08-08_געתון_כברי_געתון.gpx,True,
2013-08-10_בארי_רעים.gpx,2013-08-10_בארי_רעים.gpx,False,
2013-08-12_כברי_כפר ראש הנקרה_יחיעם.gpx,2013-08-12_כברי_כפר ראש הנקרה_יחיעם.gpx,False,
2013-08-14_געתון_מעונה_יחיעם.gpx,2013-08-14_געתון_מעונה_יחיעם.gpx,False,
2013-08-16_יחיעם_מצובה_כפר ראש הנקרה_נהרייה_נווה זיו.gpx,2013-08-16_געתון_מצובה_כפר ראש הנקרה_נהרייה_נווה זיו.gpx,True,
2013-08-17_נווה זיו_נהרייה_יחיעם.gpx,2013-08-17_נווה זיו_נהרייה_יחיעם.gpx,False,
2013-08-20_געתון_כברי_נווה זיו.gpx,2013-08-20_נווה זיו_כברי_נווה זיו.gpx,True,
2013-08-23_געתון_כברי_יחיעם.gpx,2013-08-23_געתון_כברי_יחיעם.gpx,False,
2013-08-24_געתון_שייח' דנון_שבי ציון_גשר הזיו_יחיעם.gpx,2013-08-24_געתון_שייח' דנון_שבי ציון_גשר הזיו_יחיעם.gpx,False,
2013-08-26_הילה_עין יעקב_מעיליא.gpx,2013-08-26_מצפה הילה_עין יעקב_מעיליא.gpx,True,
2013-08-29_יחיעם_מעונה_עין יעקב.gpx,2013-08-29_געתון_מעונה_עין יעקב.gpx,True,
2013-08-30_יחיעם_כברי_עין יעקב.gpx,2013-08-30_געתון_כברי_עין יעקב.gpx,True,
2013-09-03_מעונה_אבירים_מעיליא.gpx,2013-09-03_מעונה_אבירים_מעיליא.gpx,False,
2013-09-04_יחיעם_שייח' דנון_עין יעקב.gpx,2013-09-04_געתון_שייח' דנון_עין יעקב.gpx,True,
2013-09-05_יחיעם_געתון.gpx,2013-09-05_געתון_געתון.gpx,True,
2013-09-07_יחיעם_געתון_שבי ציון_מזרעה.gpx,2013-09-07_געתון_געתון_שבי ציון_מזרעה.gpx,True,
2013-09-10_נהרייה_עכו_מזרעה.gpx,2013-09-10_נהרייה_עכו_מזרעה.gpx,False,
2013-09-12_יחיעם_מעיליא_געתון.gpx,2013-09-12_געתון_מעיליא_געתון.gpx,True,
2013-09-13_געתון_כברי_יחיעם.gpx,2013-09-13_געתון_כברי_יחיעם.gpx,False,
2013-09-14_יחיעם_מזרעה_קריית ים_בוסתן הגליל_נווה זיו.gpx,2013-09-14_געתון_מזרעה_קריית ים_בוסתן הגליל_נווה זיו.gpx,True,
2013-09-18_יחיעם_אבירים_נהרייה.gpx,2013-09-18_געתון_אבירים_נהרייה.gpx,True,
2013-09-19_יחיעם_מעיליא_געתון.gpx,2013-09-19_געתון_מעיליא_געתון.gpx,True,
2013-09-20_כברי_גורן_מצובה.gpx,2013-09-20_כברי_גורן_מצובה.gpx,False,
2013-09-21_געתון_כברי_כפר ראש הנקרה_מזרעה_יחיעם.gpx,2013-09-21_געתון_כברי_כפר ראש הנקרה_מזרעה_יחיעם.gpx,False,
2013-09-23_געתון_מעונה_יחיעם.gpx,2013-09-23_געתון_מעונה_יחיעם.gpx,False,
2013-09-25_יחיעם_מעיליא_געתון.gpx,2013-09-25_געתון_מעיליא_געתון.gpx,True,
2013-09-26_עין יעקב_כברי_יחיעם.gpx,2013-09-26_עין יעקב_כברי_יחיעם.gpx,False,
2013-09-27_גילון_טל-אל_פלך.gpx,2013-09-27_גילון_טל-אל_פלך.gpx,False,
2013-09-28_געתון_נתיב השיירה_שבי ציון_נווה זיו_יחיעם.gpx,2013-09-28_געתון_נתיב השיירה_שבי ציון_נווה זיו_יחיעם.gpx,False,
2013-10-01_יחיעם_נווה זיו_געתון.gpx,2013-10-01_געתון_נווה זיו_געתון.gpx,True,
2013-10-02_געתון_מעיליא_יחיעם.gpx,2013-10-02_געתון_מעיליא_יחיעם.gpx,False,
2013-10-04_חד-נס_גונן_כפר גלעדי.gpx,2013-10-04_חד-נס_גונן_כפר גלעדי.gpx,False,
2013-10-06_געתון_מעונה_יחיעם.gpx,2013-10-06_געתון_מעונה_יחיעם.gpx,False,
2013-10-06_יחיעם_עין יעקב_געתון.gpx,2013-10-06_געתון_עין יעקב_געתון.gpx,True,
2013-10-09_יחיעם_געתון.gpx,2013-10-09_געתון_געתון.gpx,True,
2013-10-11_יחיעם_כפר ראש הנקרה_נהרייה.gpx,2013-10-11_געתון_כפר ראש הנקרה_נהרייה.gpx,True,
2013-10-12_געתון_הילה_כפר ראש הנקרה_מזרעה_שמרת.gpx,2013-10-12_געתון_הילה_כפר ראש הנקרה_מזרעה_שמרת.gpx,False,
2015-07-06_געתון_יחיעם.gpx,2015-07-06_געתון_יחיעם.gpx,False,
2015-12-03_געתון_מעונה_יחיעם.gpx,2015-12-03_געתון_מעונה_יחיעם.gpx,False,
2015-12-04_כפר מסריק_הרדוף_כפר יהושע_קריית אתא_עין המפרץ.gpx,2015-12-04_כפר מסריק_הרדוף_כפר יהושע_קריית אתא_עין המפרץ.gpx,False,
2016-09-09_אלונים_שער העמקים_רמת ישי.gpx,2016-09-09_אלונים_שער העמקים_רמת ישי.gpx,False,
2017-06-20_תל אביב -יפו_בני ברק.gpx,2017-06-20_תל אביב-יפו_בני ברק.gpx,True,
2019-04-12_אליפז.gpx,2019-04-12_אליפז.gpx,False,
2021-07-26_יחיעם_געתון.gpx,2021-07-26_געתון_געתון.gpx,True,
2021-07-29_יחיעם_געתון.gpx,2021-07-29_געתון_געתון.gpx,True,
2021-08-01_יחיעם_געתון.gpx,2021-08-01_געתון_געתון.gpx,True,
2021-08-03_יחיעם_געתון.gpx,2021-08-03_געתון_געתון.gpx,True,
2021-08-04_יחיעם_געתון.gpx,2021-08-04_געתון_געתון.gpx,True,
2021-08-06_יחיעם_געתון.gpx,2021-08-06_געתון_געתון.gpx,True,
2021-09-05_יחיעם_כליל_געתון.gpx,2021-09-05_געתון_כליל_געתון.gpx,True,
2021-09-07_יחיעם_געתון.gpx,2021-09-07_געתון_געתון.gpx,True,
2021-09-08_יחיעם_נווה זיו_געתון.gpx,2021-09-08_געתון_נווה זיו_געתון.gpx,True,
2021-09-09_יחיעם_געתון.gpx,2021-09-09_געתון_געתון.gpx,True,
2021-09-10_יחיעם_כליל_געתון.gpx,2021-09-10_געתון_כליל_געתון.gpx,True,
2021-09-12_יחיעם_נווה זיו_געתון.gpx,2021-09-12_געתון_נווה זיו_געתון.gpx,True,
2021-09-14_יחיעם_נווה זיו_געתון.gpx,2021-09-14_געתון_נווה זיו_געתון.gpx,True,
2021-09-16_יחיעם_נווה זיו_געתון.gpx,2021-09-16_געתון_נווה זיו_געתון.gpx,True,
2021-09-17_יחיעם_כליל_געתון.gpx,2021-09-17_געתון_כליל_געתון.gpx,True,
2021-09-24_יחיעם_כליל_געתון.gpx,2021-09-24_געתון_כליל_געתון.gpx,True,
2021-09-26_יחיעם_נווה זיו_געתון.gpx,2021-09-26_געתון_נווה זיו_געתון.gpx,True,
2021-10-03_יחיעם_געתון.gpx,2021-10-03_געתון_געתון.gpx,True,
2021-10-06_יחיעם_געתון.gpx,2021-10-06_געתון_געתון.gpx,True,
2021-10-30_יחיעם_כליל_געתון.gpx,2021-10-30_געתון_כליל_געתון.gpx,True,
2021-11-01_יחיעם_כליל_געתון.gpx,2021-11-01_געתון_כליל_געתון.gpx,True,
2021-11-03_יחיעם_כליל_געתון.gpx,2021-11-03_געתון_כליל_געתון.gpx,True,
2021-11-05_יחיעם_כליל_געתון.gpx,2021-11-05_געתון_כליל_געתון.gpx,True,
2021-11-08_נווה זוהר.gpx,2021-11-08_נווה זוהר.gpx,False,
2021-11-09_נווה זוהר.gpx,2021-11-09_נווה זוהר.gpx,False,
2021-11-10_נווה זוהר.gpx,2021-11-10_נווה זוהר.gpx,False,
2021-11-11_נווה זוהר.gpx,2021-11-11_נווה זוהר.gpx,False,
2021-11-19_יחיעם_נווה זיו_געתון.gpx,2021-11-19_געתון_נווה זיו_געתון.gpx,True,
2021-11-22_יחיעם_נווה זיו_געתון.gpx,2021-11-22_געתון_נווה זיו_געתון.gpx,True,
2021-11-23_יחיעם_נווה זיו_געתון.gpx,2021-11-23_געתון_נווה זיו_געתון.gpx,True,
2021-11-27_יחיעם_מעונה.gpx,2021-11-27_געתון_מעונה.gpx,True,
2021-11-28_יחיעם_כליל_געתון.gpx,2021-11-28_געתון_כליל_געתון.gpx,True,
2021-12-03_יחיעם_כליל_געתון.gpx,2021-12-03_געתון_כליל_געתון.gpx,True,
2021-12-05_כפר מסריק_עין המפרץ.gpx,2021-12-05_כפר מסריק_עין המפרץ.gpx,False,
2021-12-08_יחיעם_כליל_געתון.gpx,2021-12-08_געתון_כליל_געתון.gpx,True,
2021-12-09_יחיעם_נווה זיו_געתון.gpx,2021-12-09_געתון_נווה זיו_געתון.gpx,True,
2021-12-10_יחיעם_כליל_געתון.gpx,2021-12-10_געתון_כליל_געתון.gpx,True,
2021-12-13_נווה זוהר.gpx,2021-12-13_נווה זוהר.gpx,False,
2021-12-14_נווה זוהר.gpx,2021-12-14_נווה זוהר.gpx,False,
2021-12-15_נווה זוהר.gpx,2021-12-15_נווה זוהר.gpx,False,
2021-12-16_נווה זוהר.gpx,2021-12-16_נווה זוהר.gpx,False,
2021-12-21_יחיעם_נווה זיו_געתון.gpx,2021-12-21_געתון_נווה זיו_געתון.gpx,True,
2021-12-29_יחיעם_נווה זיו_געתון.gpx,2021-12-29_געתון_נווה זיו_געתון.gpx,True,
2022-01-02_יחיעם_געתון.gpx,2022-01-02_געתון_געתון.gpx,True,
2022-01-04_יחיעם_נווה זיו_געתון.gpx,2022-01-04_געתון_נווה זיו_געתון.gpx,True,
2022-01-14_יחיעם_נווה זיו_געתון.gpx,2022-01-14_געתון_נווה זיו_געתון.gpx,True,
2022-01-15_יחיעם_נווה זיו_געתון.gpx,2022-01-15_געתון_נווה זיו_געתון.gpx,True,
2022-01-17_נווה זוהר.gpx,2022-01-17_נווה זוהר.gpx,False,
2022-01-18_נווה זוהר.gpx,2022-01-18_נווה זוהר.gpx,False,
2022-01-19_נווה זוהר.gpx,2022-01-19_נווה זוהר.gpx,False,
2022-01-21_יחיעם_נווה זיו_געתון.gpx,2022-01-21_געתון_נווה זיו_געתון.gpx,True,
2022-01-29_יחיעם_נווה זיו_געתון.gpx,2022-01-29_געתון_נווה זיו_געתון.gpx,True,
2022-01-30_יחיעם_נווה זיו_געתון.gpx,2022-01-30_געתון_נווה זיו_געתון.gpx,True,
2022-02-01_יחיעם_נווה זיו_געתון.gpx,2022-02-01_געתון_נווה זיו_געתון.gpx,True,
2022-02-02_יחיעם_נווה זיו_געתון.gpx,2022-02-02_געתון_נווה זיו_געתון.gpx,True,
2022-02-11_געתון_נהרייה_כפר ראש הנקרה_כברי_יחיעם.gpx,2022-02-11_געתון_נהרייה_כפר ראש הנקרה_כברי_יחיעם.gpx,False,
2022-02-16_יחיעם_נווה זיו_געתון.gpx,2022-02-16_געתון_נווה זיו_געתון.gpx,True,
2022-02-17_כפר מסריק_עין המפרץ.gpx,2022-02-17_כפר מסריק_עין המפרץ.gpx,False,
2022-02-18_יחיעם_גשר הזיו_געתון.gpx,2022-02-18_געתון_גשר הזיו_געתון.gpx,True,
2022-02-19_יחיעם_נווה זיו_געתון.gpx,2022-02-19_געתון_נווה זיו_געתון.gpx,True,
2022-02-22_יחיעם_כברי_געתון.gpx,2022-02-22_געתון_כברי_געתון.gpx,True,
2022-02-23_יחיעם_נווה זיו_געתון.gpx,2022-02-23_געתון_נווה זיו_געתון.gpx,True,
2022-02-24_כפר מסריק_עין המפרץ.gpx,2022-02-24_כפר מסריק_עין המפרץ.gpx,False,
2022-02-27_יחיעם_נווה זיו_געתון.gpx,2022-02-27_געתון_נווה זיו_געתון.gpx,True,
2022-02-28_יחיעם_כברי_כפר ראש הנקרה_כברי_געתון.gpx,2022-02-28_געתון_כברי_כפר ראש הנקרה_כברי_געתון.gpx,True,
2022-03-01_יחיעם_נווה זיו_געתון.gpx,2022-03-01_געתון_נווה זיו_געתון.gpx,True,
2022-03-04_יחיעם_גשר הזיו_געתון.gpx,2022-03-04_געתון_גשר הזיו_געתון.gpx,True,
2022-03-05_מעונה_אבירים_מעיליא.gpx,2022-03-05_מעונה_אבירים_מעיליא.gpx,False,
2022-03-07_נווה זוהר.gpx,2022-03-07_נווה זוהר.gpx,False,
2022-03-08_נווה זוהר.gpx,2022-03-08_נווה זוהר.gpx,False,
2022-03-10_נווה זוהר.gpx,2022-03-10_נווה זוהר.gpx,False,
2022-03-25_יחיעם_נווה זיו_געתון.gpx,2022-03-25_געתון_נווה זיו_געתון.gpx,True,
2022-04-01_יחיעם_נווה זיו_געתון.gpx,2022-04-01_געתון_נווה זיו_געתון.gpx,True,
2022-04-02_יחיעם_מעונה.gpx,2022-04-02_געתון_מעונה.gpx,True,
2022-04-03_יחיעם_נווה זיו_געתון.gpx,2022-04-03_געתון_נווה זיו_געתון.gpx,True,
2022-04-06_תל אביב -יפו_בני ברק.gpx,2022-04-06_תל אביב-יפו_בני ברק.gpx,True,
2022-04-07_יחיעם_נווה זיו_געתון.gpx,2022-04-07_געתון_נווה זיו_געתון.gpx,True,
2022-04-12_יחיעם_נווה זיו_געתון.gpx,2022-04-12_געתון_נווה זיו_געתון.gpx,True,
2022-04-13_יחיעם_נווה זיו_געתון.gpx,2022-04-13_געתון_נווה זיו_געתון.gpx,True,
2022-04-14_שלומי_חניתה.gpx,2022-04-14_שלומי_חניתה.gpx,False,
2022-04-15_שלומי_חניתה.gpx,2022-04-15_שלומי_חניתה.gpx,False,
2022-04-19_כברי_יחיעם.gpx,2022-04-19_כברי_יחיעם.gpx,False,
2022-04-21_יחיעם_נווה זיו_געתון.gpx,2022-04-21_געתון_נווה זיו_געתון.gpx,True,
2022-04-22_יחיעם_כברי_געתון.gpx,2022-04-22_געתון_כברי_געתון.gpx,True,
2022-04-24_יחיעם_נווה זיו_געתון.gpx,2022-04-24_געתון_נווה זיו_געתון.gpx,True,
2022-05-04_יחיעם_נווה זיו_געתון.gpx,2022-05-04_געתון_נווה זיו_געתון.gpx,True,
2022-05-06_יחיעם_נווה זיו_געתון.gpx,2022-05-06_געתון_נווה זיו_געתון.gpx,True,
2022-05-11_יחיעם_נווה זיו_געתון.gpx,2022-05-11_געתון_נווה זיו_געתון.gpx,True,
2022-05-12_יחיעם_נווה זיו_געתון.gpx,2022-05-12_געתון_נווה זיו_געתון.gpx,True,
2022-05-15_יחיעם_נווה זיו_געתון.gpx,2022-05-15_געתון_נווה זיו_געתון.gpx,True,
2022-05-18_יחיעם_נווה זיו_געתון.gpx,2022-05-18_געתון_נווה זיו_געתון.gpx,True,
2022-05-19_יחיעם_כברי_געתון.gpx,2022-05-19_געתון_כברי_געתון.gpx,True,
2022-05-25_יחיעם_נווה זיו_געתון.gpx,2022-05-25_געתון_נווה זיו_געתון.gpx,True,
2022-05-26_יחיעם_נווה זיו_געתון.gpx,2022-05-26_געתון_נווה זיו_געתון.gpx,True,
2022-05-31_יחיעם_נווה זיו_געתון.gpx,2022-05-31_געתון_נווה זיו_געתון.gpx,True,
2022-06-01_לוטן_גרופית_קטורה.gpx,2022-06-01_לוטן_גרופית_קטורה.gpx,False,
2022-06-02_לוטן_יטבתה_אליפז_יטבתה_קטורה.gpx,2022-06-02_לוטן_יטבתה_אליפז_יטבתה_קטורה.gpx,False,
2022-06-03_אליפז.gpx,2022-06-03_אליפז.gpx,False,
2022-06-04_יחיעם_נהרייה_כפר ראש הנקרה_כברי_געתון.gpx,2022-06-04_געתון_נהרייה_כפר ראש הנקרה_כברי_געתון.gpx,True,
2022-06-06_קשת_אלוני הבשן.gpx,2022-06-06_קשת_אלוני הבשן.gpx,False,
2022-06-11_יחיעם_כברי_כפר ראש הנקרה_עבדון_מעונה.gpx,2022-06-11_געתון_כברי_כפר ראש הנקרה_עבדון_מעונה.gpx,True,
2022-06-12_יחיעם_נווה זיו_געתון.gpx,2022-06-12_געתון_נווה זיו_געתון.gpx,True,
2022-06-15_יחיעם_כברי_כפר ראש הנקרה_כברי_געתון.gpx,2022-06-15_געתון_כברי_כפר ראש הנקרה_כברי_געתון.gpx,True,
2022-06-18_געתון.gpx,2022-06-18_געתון.gpx,False,
2022-06-19_יחיעם_כברי_כפר ראש הנקרה_כברי_געתון.gpx,2022-06-19_געתון_כברי_כפר ראש הנקרה_כברי_געתון.gpx,True,
2022-06-24_יחיעם_כברי_כפר ראש הנקרה_עבדון_מעונה.gpx,2022-06-24_געתון_כברי_כפר ראש הנקרה_עבדון_מעונה.gpx,True,
2022-06-27_נווה זוהר.gpx,2022-06-27_נווה זוהר.gpx,False,
2022-06-28_נווה זוהר.gpx,2022-06-28_נווה זוהר.gpx,False,
2022-06-29_נווה זוהר.gpx,2022-06-29_נווה זוהר.gpx,False,
2022-06-30_ערד.gpx,2022-06-30_ערד.gpx,False,
2022-07-02_יחיעם_שייח' דנון_געתון.gpx,2022-07-02_געתון_שייח' דנון_געתון.gpx,True,
2022-07-03_כפר מסריק_עין המפרץ.gpx,2022-07-03_כפר מסריק_עין המפרץ.gpx,False,
2022-07-07_יחיעם_נווה זיו_געתון.gpx,2022-07-07_געתון_נווה זיו_געתון.gpx,True,
2022-07-08_יחיעם_גשר הזיו_מעונה.gpx,2022-07-08_געתון_גשר הזיו_מעונה.gpx,True,
2022-07-11_יחיעם_כברי_כפר ראש הנקרה_כברי_געתון.gpx,2022-07-11_געתון_כברי_כפר ראש הנקרה_כברי_געתון.gpx,True,
2022-07-15_יחיעם_כברי_כפר ראש הנקרה_כברי_געתון.gpx,2022-07-15_געתון_כברי_כפר ראש הנקרה_כברי_געתון.gpx,True,
2022-07-18_כברי_כפר ראש הנקרה_בן עמי.gpx,2022-07-18_כברי_כפר ראש הנקרה_בן עמי.gpx,False,
2022-07-19_יחיעם_כפר ראש הנקרה_נווה זיו.gpx,2022-07-19_געתון_כפר ראש הנקרה_נווה זיו.gpx,True,
2022-07-22_גורנות הגליל_אדמית_אילון.gpx,2022-07-22_גורנות הגליל_אדמית_אילון.gpx,False,
2022-07-23_יחיעם_כברי_געתון.gpx,2022-07-23_געתון_כברי_געתון.gpx,True,
2022-07-31_יחיעם_נווה זיו_געתון.gpx,2022-07-31_געתון_נווה זיו_געתון.gpx,True,
2022-08-02_יחיעם_נווה זיו_געתון.gpx,2022-08-02_געתון_נווה זיו_געתון.gpx,True,
2022-08-09_יחיעם_נווה זיו_געתון.gpx,2022-08-09_געתון_נווה זיו_געתון.gpx,True,
2022-08-19_יחיעם_כברי_כפר ראש הנקרה_כברי_געתון.gpx,2022-08-19_געתון_כברי_כפר ראש הנקרה_כברי_געתון.gpx,True,
2022-08-21_יחיעם_נווה זיו_כליל.gpx,2022-08-21_געתון_נווה זיו_כליל.gpx,True,
2022-10-03_יחיעם_עין יעקב_געתון.gpx,2022-10-03_געתון_עין יעקב_געתון.gpx,True,
2022-10-15_יחיעם_עין יעקב_געתון.gpx,2022-10-15_געתון_עין יעקב_געתון.gpx,True,
2022-10-21_יחיעם_נווה זיו_געתון.gpx,2022-10-21_געתון_נווה זיו_געתון.gpx,True,
2022-10-23_יחיעם_כברי_געתון.gpx,2022-10-23_געתון_כברי_געתון.gpx,True,
2022-10-24_יחיעם_כברי_געתון.gpx,2022-10-24_געתון_כברי_געתון.gpx,True,
2022-10-26_יחיעם_כברי_געתון.gpx,2022-10-26_געתון_כברי_געתון.gpx,True,
2022-10-27_כפר מסריק_יסעור_עין המפרץ.gpx,2022-10-27_כפר מסריק_יסעור_עין המפרץ.gpx,False,
2022-11-09_יחיעם_כברי_געתון.gpx,2022-11-09_געתון_כברי_געתון.gpx,True,
2022-11-11_יחיעם_נווה זיו_געתון.gpx,2022-11-11_געתון_נווה זיו_געתון.gpx,True,
2022-11-17_יחיעם_נווה זיו_געתון.gpx,2022-11-17_געתון_נווה זיו_געתון.gpx,True,
2022-11-18_יחיעם_כברי_געתון.gpx,2022-11-18_געתון_כברי_געתון.gpx,True,
2022-11-19_יחיעם_מעיליא_מעונה.gpx,2022-11-19_געתון_מעיליא_מעונה.gpx,True,
2022-11-23_מצובה_יערה.gpx,2022-11-23_מצובה_יערה.gpx,False,
2022-11-30_כברי_כפר ראש הנקרה_סער.gpx,2022-11-30_כברי_כפר ראש הנקרה_סער.gpx,False,
2022-12-05_נווה זוהר.gpx,2022-12-05_נווה זוהר.gpx,False,
2022-12-06_נווה זוהר.gpx,2022-12-06_נווה זוהר.gpx,False,
2022-12-07_נווה זוהר.gpx,2022-12-07_נווה זוהר.gpx,False,
2022-12-08_נווה זוהר.gpx,2022-12-08_נווה זוהר.gpx,False,
2022-12-12_יחיעם_נווה זיו_געתון.gpx,2022-12-12_געתון_נווה זיו_געתון.gpx,True,
2022-12-16_יחיעם_כברי_געתון.gpx,2022-12-16_געתון_כברי_געתון.gpx,True,
2022-12-17_יחיעם_כברי_מעונה.gpx,2022-12-17_געתון_כברי_מעונה.gpx,True,
2022-12-21_יחיעם_נווה זיו_געתון.gpx,2022-12-21_געתון_נווה זיו_געתון.gpx,True,
2022-12-28_יחיעם_כברי_כפר ראש הנקרה_כברי_געתון.gpx,2022-12-28_געתון_כברי_כפר ראש הנקרה_כברי_געתון.gpx,True,
2023-01-09_יחיעם_נווה זיו_געתון.gpx,2023-01-09_געתון_נווה זיו_געתון.gpx,True,
2023-01-11_מצובה_יערה.gpx,2023-01-11_מצובה_יערה.gpx,False,
2023-01-18_יחיעם_גשר הזיו_געתון.gpx,2023-01-18_געתון_גשר הזיו_געתון.gpx,True,
2023-01-25_נווה זוהר.gpx,2023-01-25_נווה זוהר.gpx,False,
2023-01-26_נווה זוהר.gpx,2023-01-26_נווה זוהר.gpx,False,
2023-01-27_נווה זוהר.gpx,2023-01-27_נווה זוהר.gpx,False,
2023-01-28_נווה זוהר.gpx,2023-01-28_נווה זוהר.gpx,False,
2023-02-17_יחיעם_נווה זיו_געתון.gpx,2023-02-17_געתון_נווה זיו_געתון.gpx,True,
2023-03-20_נווה זוהר.gpx,2023-03-20_נווה זוהר.gpx,False,
2023-03-21_נווה זוהר.gpx,2023-03-21_נווה זוהר.gpx,False,
2023-03-22_נווה זוהר.gpx,2023-03-22_נווה זוהר.gpx,False,
2023-03-23_נווה זוהר.gpx,2023-03-23_נווה זוהר.gpx,False,
2023-05-17_נתניה_שושנת העמקים.gpx,2023-05-17_נתניה_שושנת העמקים.gpx,False,
2023-07-06_יחיעם_עין יעקב.gpx,2023-07-06_געתון_עין יעקב.gpx,True,
2023-07-09_ברעם_חורפיש.gpx,2023-07-09_חורפיש_חורפיש.gpx,True,
2023-07-22_געתון_עין יעקב.gpx,2023-07-22_געתון_עין יעקב.gpx,False,
2023-07-30_מצובה_יערה.gpx,2023-07-30_מצובה_יערה.gpx,False,
2023-08-04_יגור.gpx,2023-08-04_יגור.gpx,False,
2023-08-11_יערה.gpx,2023-08-11_יערה.gpx,False,
2023-08-16_הילה_גורן.gpx,2023-08-16_מצפה הילה_גורן.gpx,True,
2023-08-18_גילון_צורית.gpx,2023-08-18_גילון_צורית.gpx,False,
2023-08-25_ברעם_מירון_בר יוחאי.gpx,2023-08-25_חורפיש_מירון_בר יוחאי.gpx,True,
2023-08-29_געתון_עין יעקב.gpx,2023-08-29_געתון_עין יעקב.gpx,False,
2023-09-04_מצובה_יערה.gpx,2023-09-04_מצובה_יערה.gpx,False,
2023-09-04_מצובה_יערה_1.gpx,2023-09-04_מצובה_יערה_1.gpx,False,
2023-09-10_חיפה.gpx,2023-09-10_חיפה.gpx,False,
2023-09-13_יחיעם_מעונה_עין יעקב.gpx,2023-09-13_געתון_מעונה_עין יעקב.gpx,True,
2023-09-19_חיפה.gpx,2023-09-19_חיפה.gpx,False,
2023-09-23_יחיעם_עין יעקב.gpx,2023-09-23_געתון_עין יעקב.gpx,True,
2023-09-25_יחיעם_געתון_עין יעקב.gpx,2023-09-25_געתון_געתון_עין יעקב.gpx,True,
2023-09-26_חיפה.gpx,2023-09-26_חיפה.gpx,False,
2023-10-06_אלוני הבשן.gpx,2023-10-06_פוקהרה.gpx,True,
2023-10-07_אלוני הבשן.gpx,2023-10-07_פוקהרה.gpx,True,
2023-10-14_געתון_עין יעקב_יחיעם.gpx,2023-10-14_געתון_עין יעקב_יחיעם.gpx,False,
2023-10-14_יחיעם_עין יעקב.gpx,2023-10-14_געתון_עין יעקב.gpx,True,
2023-10-21_יחיעם_נווה זיו_עין יעקב.gpx,2023-10-21_געתון_נווה זיו_עין יעקב.gpx,True,
2023-10-21_יחיעם_נווה זיו_עין יעקב_1.gpx,2023-10-21_געתון_נווה זיו_עין יעקב_1.gpx,True,
2023-11-20_געתון_נווה זיו_יחיעם.gpx,2023-11-20_געתון_נווה זיו_יחיעם.gpx,False,
2023-11-20_יחיעם_נווה זיו_עין יעקב.gpx,2023-11-20_געתון_נווה זיו_עין יעקב.gpx,True,
2023-12-19_יחיעם_נווה זיו_געתון.gpx,2023-12-19_געתון_נווה זיו_געתון.gpx,True,
2024-01-25_שדות ים_חדרה.gpx,2024-01-25_שדות ים_חדרה.gpx,False,
2024-02-06_שער העמקים_בית זיד.gpx,2024-02-06_שער העמקים_בית זיד.gpx,False,
2024-02-09_שער העמקים_בית זיד.gpx,2024-02-09_שער העמקים_בית זיד.gpx,False,
2024-02-22_חדרה_גאולי תימן.gpx,2024-02-22_חדרה_גאולי תימן.gpx,False,
2024-02-22_חופית_חדרה.gpx,2024-02-22_חופית_חדרה.gpx,False,
2024-02-23_יחיעם_נווה זיו_עין יעקב.gpx,2024-02-23_געתון_נווה זיו_עין יעקב.gpx,True,
2024-02-25_יחיעם_כברי_עין יעקב.gpx,2024-02-25_געתון_כברי_עין יעקב.gpx,True,
2024-02-26_יחיעם_כברי_עין יעקב.gpx,2024-02-26_געתון_כברי_עין יעקב.gpx,True,
2024-03-09_יחיעם_נווה זיו_עין יעקב.gpx,2024-03-09_געתון_נווה זיו_עין יעקב.gpx,True,
2024-03-21_אודים_יקום.gpx,2024-03-21_אודים_יקום.gpx,False,
2024-03-29_יחיעם_כברי_עין יעקב.gpx,2024-03-29_געתון_כברי_עין יעקב.gpx,True,
2024-04-02_נווה זוהר.gpx,2024-04-02_נווה זוהר.gpx,False,
2024-04-03_נווה זוהר.gpx,2024-04-03_נווה זוהר.gpx,False,
2024-04-18_בני ברק_תל אביב -יפו.gpx,2024-04-18_בני ברק_תל אביב -יפו.gpx,False,
2024-05-16_גבעת השלושה_עדנים.gpx,2024-05-16_גבעת השלושה_עדנים.gpx,False,
2024-05-20_נווה זוהר.gpx,2024-05-20_נווה זוהר.gpx,False,
2024-05-21_נווה זוהר.gpx,2024-05-21_נווה זוהר.gpx,False,
2024-05-22_נווה זוהר.gpx,2024-05-22_נווה זוהר.gpx,False,
2024-07-09_יחיעם_גשר הזיו_געתון.gpx,2024-07-09_געתון_גשר הזיו_געתון.gpx,True,
2024-07-31_כפר ראש הנקרה.gpx,2024-07-31_ליידן.gpx,True,
2024-09-14_כפר ראש הנקרה.gpx,2024-09-14_שאמוני.gpx,True,
2024-09-17_חיפה_כפר גלים.gpx,2024-09-17_חיפה_כפר גלים.gpx,False,
2024-09-19_ג'סר א-זרקא_שדות ים_קיסריה.gpx,2024-09-19_ג'סר א-זרקא_שדות ים_קיסריה.gpx,False,
2024-09-25_בית הערבה.gpx,2024-09-25_בית הערבה.gpx,False,
2024-10-07_יחיעם_געתון_עין יעקב.gpx,2024-10-07_געתון_געתון_עין יעקב.gpx,True,
2024-10-19_יחיעם_עין יעקב.gpx,2024-10-19_געתון_עין יעקב.gpx,True,
2024-11-07_צובה_אורה.gpx,2024-11-07_צובה_אורה.gpx,False,
2024-11-12_כפר ראש הנקרה.gpx,2024-11-12_בודפשט.gpx,True,
2024-12-17_כברי_כפר ראש הנקרה_בן עמי.gpx,2024-12-17_כברי_כפר ראש הנקרה_בן עמי.gpx,False,
2024-12-20_כברי_כפר ראש הנקרה_נהרייה.gpx,2024-12-20_כברי_כפר ראש הנקרה_נהרייה.gpx,False,
2024-12-25_כברי_כפר ראש הנקרה_בן עמי.gpx,2024-12-25_כברי_כפר ראש הנקרה_בן עמי.gpx,False,
2025-01-05_יחיעם_עין יעקב.gpx,2025-01-05_געתון_עין יעקב.gpx,True,
2025-01-06_נהרייה_יחיעם.gpx,2025-01-06_נהרייה_יחיעם.gpx,False,
2025-01-09_שניר_שאר ישוב.gpx,2025-01-09_שניר_שאר ישוב.gpx,False,
2025-01-17_עין שמר_ערערה_גן השומרון.gpx,2025-01-17_עין שמר_ערערה_גן השומרון.gpx,False,
2025-01-18_אלוני הבשן.gpx,2025-01-18_לאוס.gpx,True,
2025-01-19_אלוני הבשן.gpx,2025-01-19_לאוס.gpx,True,
2025-01-19_אלוני הבשן_1.gpx,2025-01-19_לאוס_1.gpx,True,
2025-01-19_אלוני הבשן_2.gpx,2025-01-19_לאוס_2.gpx,True,
2025-01-22_אלוני הבשן.gpx,2025-01-22_לאוס.gpx,True,
2025-01-23_אלוני הבשן.gpx,2025-01-23_לאוס.gpx,True,
2025-01-24_אלוני הבשן.gpx,2025-01-24_לאוס.gpx,True,
2025-01-27_אלוני הבשן.gpx,2025-01-27_לאוס.gpx,True,
2025-02-10_נווה זוהר.gpx,2025-02-10_נווה זוהר.gpx,False,
2025-02-11_נווה זוהר.gpx,2025-02-11_נווה זוהר.gpx,False,
2025-02-12_נווה זוהר.gpx,2025-02-12_נווה זוהר.gpx,False,
2025-02-13_נווה זוהר.gpx,2025-02-13_נווה זוהר.gpx,False,
2025-02-22_אפיק_מבוא חמה.gpx,2025-02-22_אפיק_מבוא חמה.gpx,False,
2025-03-02_יחיעם_כברי_עין יעקב.gpx,2025-03-02_געתון_כברי_עין יעקב.gpx,True,
2025-04-12_צבעון_חורפיש.gpx,2025-04-12_צבעון_חורפיש.gpx,False,
2025-04-25_עין הוד.gpx,2025-04-25_עין הוד.gpx,False,
2025-04-26_בית אורן_יגור.gpx,2025-04-26_בית אורן_יגור.gpx,False,
2025-05-03_ברעם_מירון.gpx,2025-05-03_חורפיש_מירון.gpx,True,
2025-05-15_עין קנייא_שניר.gpx,2025-05-15_עין קנייא_שניר.gpx,False,
2025-05-24_בית אורן_עין הוד.gpx,2025-05-24_בית אורן_עין הוד.gpx,False,
2025-07-03_שאר ישוב_שדה נחמיה.gpx,2025-07-03_שאר ישוב_שדה נחמיה.gpx,False,
2025-07-06_עין קנייא_שניר.gpx,2025-07-06_עין קנייא_שניר.gpx,False,
2025-07-26_הילה_גורן.gpx,2025-07-26_מצפה הילה_גורן.gpx,True,
2025-08-28_יחיעם_כפר ראש הנקרה.gpx,2025-08-28_געתון_כפר ראש הנקרה.gpx,True,
2025-09-01_כפר ראש הנקרה.gpx,2025-09-01_ליידן.gpx,True,
2025-09-02_כפר ראש הנקרה.gpx,2025-09-02_ליידן.gpx,True,
2025-09-08_יחיעם_כברי_געתון.gpx,2025-09-08_געתון_כברי_געתון.gpx,True,
2025-09-10_יחיעם_כברי_געתון.gpx,2025-09-10_געתון_כברי_געתון.gpx,True,
2025-09-14_יחיעם_עין יעקב.gpx,2025-09-14_געתון_עין יעקב.gpx,True,
2025-09-20_יחיעם_כברי_געתון.gpx,2025-09-20_געתון_כברי_געתון.gpx,True,
2025-09-22_יחיעם_שבי ציון_מזרעה.gpx,2025-09-22_געתון_שבי ציון_מזרעה.gpx,True,
2025-09-23_יחיעם_כפר ראש הנקרה_כברי.gpx,2025-09-23_געתון_כפר ראש הנקרה_כברי.gpx,True,
2025-09-30_יפתח_גונן_רמות נפתלי.gpx,2025-09-30_יפתח_גונן_רמות נפתלי.gpx,False,
2025-10-01_יחיעם_שבי ציון_מזרעה.gpx,2025-10-01_געתון_שבי ציון_מזרעה.gpx,True,
2025-10-02_געתון_גשר הזיו_יחיעם.gpx,2025-10-02_געתון_גשר הזיו_יחיעם.gpx,False,
2025-10-07_אבירים.gpx,2025-10-07_אבירים.gpx,False,
2025-10-11_יחיעם_כברי_געתון.gpx,2025-10-11_געתון_כברי_געתון.gpx,True,
2025-10-16_יחיעם_כליל_געתון.gpx,2025-10-16_געתון_כליל_געתון.gpx,True,
2025-10-17_מירון_כפר שמאי.gpx,2025-10-17_מירון_כפר שמאי.gpx,False,
2025-10-20_נווה זוהר.gpx,2025-10-20_נווה זוהר.gpx,False,
2025-10-25_עין הוד_גבע כרמל.gpx,2025-10-25_געתון_גבע כרמל.gpx,True,
2025-10-31_כפר ראש הנקרה_גשר הזיו.gpx,2025-10-31_כפר ראש הנקרה_גשר הזיו.gpx,False,
2025-11-06_בר יוחאי_חורפיש.gpx,2025-11-06_בר יוחאי_חורפיש.gpx,False,
2025-11-15_יחיעם_כליל_געתון.gpx,2025-11-15_געתון_כליל_געתון.gpx,True,
2025-12-25_בר יוחאי_מירון.gpx,2025-12-25_בר יוחאי_מירון.gpx,False,
2026-01-03_בית חנניה_שדות ים.gpx,2026-01-03_בית חנניה_שדות ים.gpx,False,
2026-01-10_כברי_כפר ראש הנקרה_בן עמי.gpx,2026-01-10_כברי_כפר ראש הנקרה_בן עמי.gpx,False,
2026-01-14_שבי ציון_נהרייה_מזרעה.gpx,2026-01-14_שבי ציון_נהרייה_מזרעה.gpx,False,
2026-01-15_שבי ציון_נהרייה_מזרעה.gpx,2026-01-15_שבי ציון_נהרייה_מזרעה.gpx,False,
2026-01-16_שבי ציון_נהרייה_מזרעה.gpx,2026-01-16_שבי ציון_נהרייה_מזרעה.gpx,False,
2026-01-23_יחיעם_געתון.gpx,2026-01-23_געתון_געתון.gpx,True,
2026-01-28_מרום גולן_עין זיוון.gpx,2026-01-28_מרום גולן_עין זיוון.gpx,False,
2026-01-30_כברי_כפר ראש הנקרה_בן עמי.gpx,2026-01-30_כברי_כפר ראש הנקרה_בן עמי.gpx,False,
2026-01-31_ברעם_מירון.gpx,2026-01-31_חורפיש_מירון.gpx,True,
2026-02-05_מצובה_יערה.gpx,2026-02-05_מצובה_יערה.gpx,False,
2026-02-07_יחיעם_כברי_גשר הזיו_הילה_געתון.gpx,2026-02-07_געתון_כברי_גשר הזיו_הילה_געתון.gpx,True,
2026-02-13_יחיעם_געתון.gpx,2026-02-13_געתון_געתון.gpx,True,
2026-02-21_יחיעם_כברי_געתון.gpx,2026-02-21_געתון_כברי_געתון.gpx,True,
2026-02-24_יחיעם_מעונה_געתון.gpx,2026-02-24_געתון_מעונה_געתון.gpx,True,
2026-02-25_יחיעם_נהרייה_בוסתן הגליל_נהרייה_געתון.gpx,2026-02-25_געתון_נהרייה_בוסתן הגליל_נהרייה_געתון.gpx,True,
2026-02-26_בארי.gpx,2026-02-26_בארי.gpx,False,
2026-02-27_כברי_כפר ראש הנקרה_בן עמי.gpx,2026-02-27_כברי_כפר ראש הנקרה_בן עמי.gpx,False,
2026-02-28_יחיעם_כברי_געתון.gpx,2026-02-28_געתון_כברי_געתון.gpx,True,
2026-03-05_געתון_כברי_יחיעם.gpx,2026-03-05_געתון_כברי_יחיעם.gpx,False,
2026-03-06_יחיעם_כברי_געתון.gpx,2026-03-06_געתון_כברי_געתון.gpx,True,
2026-03-13_יחיעם_געתון.gpx,2026-03-13_געתון_געתון.gpx,True,
2026-03-13_עין יעקב_געתון.gpx,2026-03-13_געתון_געתון.gpx,True,
2026-03-16_יחיעם_נווה זיו_כברי_עבדון_געתון.gpx,2026-03-16_געתון_נווה זיו_כברי_עבדון_געתון.gpx,True,
2026-03-18_יחיעם_נהרייה_געתון.gpx,2026-03-18_געתון_נהרייה_געתון.gpx,True,
2026-03-23_יחיעם_אבירים_געתון.gpx,2026-03-23_געתון_אבירים_געתון.gpx,True,
2026-03-25_יחיעם_גשר הזיו_געתון.gpx,2026-03-25_געתון_גשר הזיו_געתון.gpx,True,
2026-03-26_יחיעם_כברי_געתון.gpx,2026-03-26_געתון_כברי_געתון.gpx,True,
2026-04-09_יחיעם_לימן_געתון.gpx,2026-04-09_געתון_לימן_געתון.gpx,True,
2026-04-11_יחיעם_כברי_געתון.gpx,2026-04-11_געתון_כברי_געתון.gpx,True,
2026-04-15_כברי_יחיעם.gpx,2026-04-15_געתון_יחיעם.gpx,True,
2026-04-16_יחיעם_כברי_געתון.gpx,2026-04-16_געתון_כברי_געתון.gpx,True,
2026-04-20_יחיעם_נהרייה_כפר ראש הנקרה_כברי_געתון.gpx,2026-04-20_געתון_נהרייה_כפר ראש הנקרה_כברי_געתון.gpx,True,
2026-04-22_עבדון_גורן_מצובה.gpx,2026-04-22_עבדון_גורן_מצובה.gpx,False,
2026-04-24_יחיעם_נהרייה_כפר ראש הנקרה_מנות_געתון.gpx,2026-04-24_געתון_נהרייה_כפר ראש הנקרה_מנות_געתון.gpx,True,
2026-04-27_נטור_נוב_אלי-עד_נוב.gpx,2026-04-27_נוב_נוב_אלי-עד_נוב.gpx,True,
2026-05-01_יחיעם_כברי_געתון.gpx,2026-05-01_געתון_כברי_געתון.gpx,True,
2026-05-02_כברי_גשר הזיו_שבי ציון_נתיב השיירה_שייח' דנון.gpx,2026-05-02_כברי_גשר הזיו_שבי ציון_נתיב השיירה_שייח' דנון.gpx,False,
2026-05-07_יחיעם_כפר ראש הנקרה_געתון.gpx,2026-05-07_געתון_כפר ראש הנקרה_געתון.gpx,True,
2026-05-08_יחיעם_כליל_כברי_יחיעם_הילה.gpx,2026-05-08_געתון_כליל_כברי_יחיעם_הילה.gpx,True,
2026-05-09_כברי_יערה_מצובה.gpx,2026-05-09_כברי_יערה_מצובה.gpx,False,
2026-05-13_יחיעם_כברי_עבדון.gpx,2026-05-13_געתון_כברי_עבדון.gpx,True,
2026-05-14_אלי-עד_מיצר.gpx,2026-05-14_אלי-עד_מיצר.gpx,False,
2026-05-16_הילה.gpx,2026-05-16_מצפה הילה.gpx,True,
2026-05-19_כברי_גשר הזיו_שבי ציון_שייח' דנון.gpx,2026-05-19_כברי_גשר הזיו_שבי ציון_שייח' דנון.gpx,False,
2026-05-22_טל-אל_צורית_יסעור.gpx,2026-05-22_טל-אל_צורית_יסעור.gpx,False,
2026-05-23_יחיעם_נווה זיו_כברי_מעונה_געתון.gpx,2026-05-23_געתון_נווה זיו_כברי_מעונה_געתון.gpx,True,
2026-05-27_געתון_עין יעקב.gpx,2026-05-27_געתון_עין יעקב.gpx,False,
2026-05-27_יחיעם_געתון.gpx,2026-05-27_געתון_געתון.gpx,True,
2026-05-30_יחיעם_מעיליא_געתון.gpx,2026-05-30_געתון_מעיליא_געתון.gpx,True,
2026-05-30_מעונה_געתון_יחיעם.gpx,2026-05-30_מעונה_געתון_יחיעם.gpx,False,
2026-05-31_יחיעם_לפידות_געתון.gpx,2026-05-31_געתון_לפידות_געתון.gpx,True,
2026-06-01_יחיעם_מעונה_געתון.gpx,2026-06-01_געתון_מעונה_געתון.gpx,True,
2026-06-02_שבי ציון_כפר מסריק_יפיע.gpx,2026-06-02_שבי ציון_כפר מסריק_יפיע.gpx,False,
2026-06-02_שבי ציון_כפר מסריק_רמת יוחנן_כפר מסריק_בוסתן הגליל.gpx,2026-06-02_שבי ציון_כפר מסריק_רמת יוחנן_כפר מסריק_בוסתן הגליל.gpx,False,
2026-06-06_עכו_יחיעם.gpx,2026-06-06_עכו_יחיעם.gpx,False,
2026-06-06_עכו_יחיעם_1.gpx,2026-06-06_עכו_יחיעם_1.gpx,False,
2026-06-09_כברי_עבדון_גורנות הגליל_אילון_מצובה.gpx,2026-06-09_כברי_עבדון_גורנות הגליל_אילון_מצובה.gpx,False,
2026-06-11_מג'דל שמס.gpx,2026-06-11_מג'דל שמס.gpx,False,
2026-06-11_מג'דל שמס_מסעדה.gpx,2026-06-11_מג'דל שמס_מסעדה.gpx,False,
2026-06-13_כברי_גורן_מצובה.gpx,2026-06-13_כברי_גורן_מצובה.gpx,False,
2026-06-13_כברי_הילה_חניתה.gpx,2026-06-13_כברי_הילה_חניתה.gpx,False,
2026-06-20_כברי_אדמית_שתולה_גורן_מצובה.gpx,2026-06-20_כברי_אדמית_שתולה_גורן_מצובה.gpx,False,
2026-06-20_כברי_אדמית_שתולה_גורנות הגליל_מצובה.gpx,2026-06-20_כברי_אדמית_שתולה_גורנות הגליל_מצובה.gpx,False,
2026-06-24_יחיעם_סער_כפר ראש הנקרה_בן עמי_געתון.gpx,2026-06-24_געתון_סער_כפר ראש הנקרה_בן עמי_געתון.gpx,True,
2026-06-24_כפר ראש הנקרה_יחיעם.gpx,2026-06-24_כפר ראש הנקרה_יחיעם.gpx,False,
2026-06-30_כברי_חניתה_בן עמי.gpx,2026-06-30_כברי_חניתה_בן עמי.gpx,False,
2026-07-01_יחיעם_כליל_עין יעקב.gpx,2026-07-01_געתון_כליל_עין יעקב.gpx,True,
2026-07-03_שלומי.gpx,2026-07-03_שלומי.gpx,False,
2026-07-03_שלומי_יערה_חניתה.gpx,2026-07-03_שלומי_יערה_חניתה.gpx,False,
2026-07-04_יחיעם_הילה_כברי_געתון.gpx,2026-07-04_געתון_הילה_כברי_געתון.gpx,True,
2026-07-04_יחיעם_הילה_כברי_נווה זיו_געתון.gpx,2026-07-04_געתון_הילה_כברי_נווה זיו_געתון.gpx,True,
2026-07-07_יחיעם_עבדון_כפר ראש הנקרה_בן עמי_געתון.gpx,2026-07-07_געתון_עבדון_כפר ראש הנקרה_בן עמי_געתון.gpx,True,
2026-07-07_כברי_שבי ציון_שייח' דנון.gpx,2026-07-07_כברי_שבי ציון_שייח' דנון.gpx,False,
2026-07-10_כפר ראש הנקרה_יערה_מצובה.gpx,2026-07-10_מצובה_יערה_מצובה.gpx,True,
2026-07-10_לימן_כפר ראש הנקרה.gpx,2026-07-10_לימן_כפר ראש הנקרה.gpx,False,
2026-07-14_יחיעם_שבי ציון.gpx,2026-07-14_געתון_שבי ציון.gpx,True,
2026-07-14_נהרייה_יחיעם.gpx,2026-07-14_נהרייה_יחיעם.gpx,False,
2026-07-18_יחיעם_גשר הזיו_שבי ציון_שייח' דנון_געתון.gpx,2026-07-18_געתון_גשר הזיו_שבי ציון_שייח' דנון_געתון.gpx,True,
2026-07-19_יחיעם_מצובה_חניתה_מנות_געתון.gpx,2026-07-19_געתון_מצובה_חניתה_מנות_געתון.gpx,True,
2026-07-21_כברי_כפר ראש הנקרה_שייח' דנון.gpx,2026-07-21_כברי_כפר ראש הנקרה_שייח' דנון.gpx,False,
2026-07-24_יחיעם_כברי_נווה זיו.gpx,2026-07-24_געתון_כברי_נווה זיו.gpx,True,
2026-07-28_שבי ציון_עין המפרץ_אפק_עין המפרץ_בוסתן הגליל.gpx,2026-07-28_שבי ציון_עין המפרץ_אפק_עין המפרץ_בוסתן הגליל.gpx,False,
2026-07-30_יחיעם_מעונה_געתון.gpx,2026-07-30_געתון_מעונה_געתון.gpx,True,
2026-07-30_יחיעם_עין יעקב.gpx,2026-07-30_געתון_עין יעקב.gpx,True,
2026-07-31_כפר חנניה.gpx,2026-07-31_כפר חנניה.gpx,False,
2026-08-01_הילה_עבדון_מעיליא.gpx,2026-08-01_מצפה הילה_עבדון_מעיליא.gpx,True,
2026-08-08_יחיעם_בן עמי_כפר ראש הנקרה_מנות_געתון.gpx,2026-08-08_געתון_בן עמי_כפר ראש הנקרה_מנות_געתון.gpx,True,
2026-08-09_יחיעם_כליל.gpx,2026-08-09_געתון_כליל.gpx,True,
2026-08-11_כברי_גורנות הגליל_מצובה.gpx,2026-08-11_כברי_גורנות הגליל_מצובה.gpx,False,
2026-08-13_יחיעם_כליל_עין יעקב.gpx,2026-08-13_געתון_כליל_עין יעקב.gpx,True,
2026-08-14_בצת_כברי.gpx,2026-08-14_בצת_כברי.gpx,False,
2026-08-15_יחיעם_מעונה_עין יעקב.gpx,2026-08-15_געתון_מעונה_עין יעקב.gpx,True,
2026-08-19_יחיעם_כברי_געתון.gpx,2026-08-19_געתון_כברי_געתון.gpx,True,
